drug_name,original_text,origin,indications,properties,dosage,contraindications,other1,other10,other11,other2,other3,other4,other5,other6,other7,other8,other9,other10_name,other11_name,other1_name,other2_name,other3_name,other4_name,other5_name,other6_name,other7_name,other8_name,other9_name,source_file
雄黄,味苦平寒、主寒热鼠瘘，恶创疽痔死肌，杀精恶物鬼邪气，百虫毒，胜五兵，炼食之，轻身神仙。,产我国西部，南省亦有。,雄黄为蚀疮杀虫要药，主辟邪气，疗诸疮，解毒，为外科要剂，亦可内服。,味辛苦，性温，有毒。,"普通内服数分，外用无定量。

> 雄黄很凶，不要过量。吃的时候用挖耳勺取用那么一小勺就行了。吃太多伤人，因为雄黄可以把脓疮里的腐肉清掉，说明它腐蚀的力量很强，用太多会伤及好肉。

> 如何入药？汤药煮好后，在里面撒一点雄黄就可以了，使用的时候一定是肚子里有虫子或者中毒才会内服。

> 如何判断腐肉清干净了？腐肉会发臭啊，如果闻不到臭味了，说明腐肉清掉了，就不要继续用雄黄了。牙医也是这样的，做根管治疗时候，把里面打通放抗生素，是否继续换药，就是用闻的，还有臭味就换，说明还有炎症，没味道就停用了。",雄黄性热有毒，外用易见长，内服难免害，凡服之中病即止，无过剂也，能柔五金干汞，转硫磺，伏粉霜（以轻粉升成之霜。）与雌黄同，或云雄黄变铁，雌黄变锡。,疗疥虫疮，鼻中息肉，及绝筋破骨，百节中大风，积聚癖气，中恶腹痛，鬼疰，诸蛇毒，解藜芦毒。,,,"风邪癫痫岚瘴，一切虫兽伤。

> 治疗虫兽伤。大明是说可治疗一切虫兽伤。",搜肝气，泻肝风，消涎积。,"按雄黄于疮痬螫外科，最为急用，以其性能杀虫解毒也，吴俗于五月五日饮雄黄酒，并洒之室角以驱五毒，但须要知道雄黄虽有腐蚀之力，能蚀恶肉以杀虫治疮，但过用终不免侵蚀好肉，故不可多服，外科亦须审慎使用。


著名方剂有

安虫丸（干漆雄黄巴豆霜），治吐沫水后腹中必虫痛。

雄黄解毒丸（巴豆雄黄玉金）治急喉痹咽喉不通，胸膈气促，

> 治疗喉痹。就是咽喉不通，有可能是喉癌或者舌癌，这时候用巴豆雄黄玉金，这都紧急时候用的药，平常不要吃，没事吃个巴豆很可怕的。巴豆和雄黄打碎放一起攻坚力量很强，玉金是个中和的药，能让气散开来，这三味药下去就相当于在喉咙里硬打个洞。

金锁匙（朴消雄黄大黄）治一切风热，咽喉闭塞为末，吹入喉中。

> 又一治疗喉痹。除了上面的方子，还可以用朴硝，就是做炸药的硝石，几颗放到喉咙里也能打开。",,,,,,,,别录,大明,好古,吴克潜,,,,,,143.雄黄.md
石硫黄,味酸温，主妇人阴蚀，疽痔恶血，坚筋骨，除头秃，能化金银铜铁奇物。,"产火山地带。

> 硫磺产在火山口。所以它是大热的药，比附子还热，是很凶的药。

> 硫磺、肉桂粉分别啥时候用？听到患者双脚无力，就用硫磺，之前还讲过肉桂粉，肉桂是木头啊，火苗还有时候你丢进去木头它会更旺，用肉桂粉行，如果将近油尽灯枯，火快灭了，再丢木头，直接就把火搞灭了，这时候要浇油，才能让火燃起来，硫磺和生附子都有这个能力。

>‍‍‍‍‍‍‍‍‍‍‍‍‍‍‍‍‍‍‍‍‍‍‍‍‍‍‍‍‍‍‍ 所谓火指的就是命门火，命门火不够的时候下肢就会没有力量。此外硫磺入三焦可利水，水肿的时候也要用硫磺。

> 葛洪的金液丹。金液丹是就是单用硫磺，用来回阳救逆的药。怎么炼制呢？把石硫磺放在铁锅里小火烤三天三夜，之后把烤过的硫磺粉刮下来放到铅制罐子里埋在土里七天七夜，这步可以去火毒，之后拿出来再烤再放铅罐再埋，经过两次煅烧后，就会变成颗粒状，带在身上可以急救用了。‍‍‍","硫磺为补阳要药，主治脾胃虚寒，寒痹冷癖，命门火衰，能发汗以祛寒痰，及疏利大肠，通常性便秘，杀虫，治疮疥。

> 疏肝的两种思路。之前讲桑寄生的时候讲过它的疏肝原理，有点像自然界的台风，森林太密了，每年刮场台风把枝条修理一下，树木才能长得好，这是大自然的一种良性循环；还有一种方法是用火烧，大火过后，森林也会长得很好，石硫磺就属于这种能烧起来的大热的阳药。

> 啥叫补阳的药？中医认为脏为阴，腑为阳，脏者，藏也，是储存东西的器官，脏病就是里面藏了不好的东西，比如肿瘤长在里面了，不断吸收营养肿瘤越长越大，这时候就要用峻补的阳药把里面东西清出来。因为阳是脏的力量，力量增强了，里面不好的东西才能被清出来。","味酸，性温，有毒。

> 硫磺是大热药。这里讲硫磺味酸，拿起来尝尝，它是有一点酸的，酸味主收敛；后面讲性温，不准确的，它是大热的药。","普通五分至二钱。

> 硫磺如何入药？硫磺我们一般用硫磺粉，凡是粉状的药，煮的时候用棉布包起来煮。

> 硫磺的用量。重症的时候可以重用。不是急救的话就不要重用。即使重用也不会让人危险，它是大热药，人会心跳很快，很亢奋，吃点鸭肉就好了。","硫磺为救急妙药，但中病便当已，不可尽剂，畏细辛朴消，中硫磺毒，黑铅煎汤解之，或是食鸭肉可解之。

> 硫磺中毒咋办？硫磺中毒会出红色疹子，当然不是人人都会中毒，中毒也不会死，吃点鸭肉就好了。大家在使用峻剂的时候，一定知道如何收放才能用起来游刃有余。重病用硫磺不要停，急症就放心用，不要禁忌了，吃了不适就吃点鸭肉补救。

> 如何得到砒霜？雄黄加热后，变成黑色，就是砒霜。",疗心腹积聚，邪气冷痛在胁，咳逆上气，脚冷疼弱无力，及鼻衄，恶疮下部虫疮，止血杀疥虫。,,,"下气，治腰肾久冷，除冷风顽痹，寒热，生用治疥癣，炼服主虚损泄精。

> 生用或熟用硫磺。生用硫磺可以治疗疥癣，炮制过用补阳的力量很强比较滋补，所以生用的话一般是攻坚，比如肝癌，熟用的话多为虚症，比如阳不举、精不够。生用的话硫磺很峻，吃下去一刻钟就有反应，速度很快。熟硫磺治疗阳不举，如果你用了巴戟天、肉苁蓉、菟丝子、覆盆子都没啥用，那就用熟硫磺，熟硫磺再不管用，就不要治了。

> 如何炮制？过去是用酒精去煮，棉布把硫磺包好，放到酒精里去煮，煮后再泡，再煮，一般重复三次，这成本高，因为酒贵。还有一种是用甘草和硫磺一起煮，也要煮三天三夜。",壮阳道，补精骨劳损，风劳气，止嗽，杀脏虫邪鬼。,治妇人血结。,长肌肤，益气力，老人风秘，并宜炼服。,"能燃，是水中之火也，其味酸，是得木味，水中之阳，发则为木，故味酸而能燃，又是水中之木也，为温下焦肝肾之猛药。

> 唐容川说硫磺能燃，何意？倪老师讲了一个医案，患者是个厨师，每天在厨房工作一站十几个小时，这样持续了十几年，久站伤骨，肾不好，厨房里面又很热，搞得全身水肿，还有呼吸短促的问题。

> 给他开药时候就加了一味硫磺，患者体格比较大，加了5钱，吃药一刻钟后开始全身冒汗，变得跟气球一样，患者很胖，原来上楼很费劲的，吃药俩礼拜后人瘦了20多磅，神清气爽了。

> 这个案例就是讲到硫磺可燃，体内的水都气化了，原理大家可以这么理解，硫磺是黄色，三焦油网也是黄色，所以硫磺肯定入三焦，三焦就是脏腑之间的连接，三焦通畅，脏腑才能循环，又《黄帝内经》讲，三焦是决渎之官，水道出焉，所以三焦通利才能把水排出来。

> 水在体内如果是冷水，它就会积聚，令人水肿，一旦用了阳药，它就会热起来，就会气化，水肿就会解决了，这就是这个病例用硫磺的道理。

> 石硫磺是温下焦肝肾的猛药‍‍‍‍。所以肝肾阴实时候用硫磺最合适，所谓【实】，就是里面长东西了，又阴寒，又有肿瘤，这很不好办的，所以《金匮要略》有说【阴实则死】，也就是张仲景认为阴实症就是死症，张仲景是北方人，没见过硫磺，所以他没用过，其实硫磺对付阴实症很好用的。",驱寒燥湿。杀虫化金。,,,,,别录,甄权,大明,吴普,李珣,容川,灵胎,,,144.石硫磺.md
雌黄,味辛平，主恶创头秃痂疥，杀毒虫虱，身痒邪气，诸毒炼之，久服轻身，增年不老。,产地同雄黄。,,味辛性平有毒主恶疮杀虫虱，身痒，邪气诸毒，治身面白驳，散皮死肌，血气虫积心腹痛，为外科要药，与雄黄功相仿。,,,,,,,,,,,,,,,,别录,,,,,,,,,145.雌黄.md
水银,味辛寒，主疥瘘痂伤白秃，杀皮肤中虱，堕胎，除热，杀金银铜锡毒，镕化还复为丹，久服神仙不死。,产山西陕西山中。,"水银为杀虫要药，主治杨梅疮毒，及皮肤诸病，润肠下死胎。

> 啥叫杨梅疮？就是指的性病。这也不是非得用水银，还有其他药来治疗。","味辛，性寒，有毒。

> 水银性寒。非常寒，如果用水银做成水银袋包裹男人阴茎，会导致永远不举。","普通多配合丸散方用，内服约数分，外用无定量。

> 水银的用量。水银有毒，且性很沉，毕竟是金属，用的时候几分就好，一点点。","水银性沉，与金银诸物同，吞服金银水银者，皆足以致命，饵服者须慎之。

> 倪老师说他几乎没用过水银。",以傅男子阴，阴消无气。,,,利水道，去热毒。,"主天行热疾，除风，安神，镇心，治恶疮疥，杀虫，催生下死胎。

> 水银可以堕胎。",治小儿惊痫热潮。,除湿热，解疮毒。,,,,,,,别录,藏器,大明,宗奭,灵胎,,,,,146.水银.md
石膏,味辛微寒，主中风寒热，心下逆气，惊喘口干，舌焦不能息，腹中坠痛，除邪鬼，产乳金创，又名寒水石。,产浙江江苏山东，他省亦有出产。,"石膏为清凉解热要药，主治肺胃三焦气分之热，大渴热狂，能解肌发汗，又能清热止汗。

> 石膏是清凉解热要药。可以治疗肺、胃、三焦的热，入气分，大热狂渴时能解肌发汗。

> 渴症去按照糖尿病治疗就坏事了‍‍‍‍。渴症去找西医，会按照糖尿病治，刚开始吃药，后来就得打胰岛素。中医认为大热、燥渴，就是白虎汤症，用石膏下去解肌发汗，淮山莲子可以生津，如果尿频了，再加点补肾的药，譬如巴戟天、肉苁蓉、生地之类，这就好了。","味甘辛，性微寒，无毒。

> 石膏性大寒。前面讲的石硫磺大热，这里讲石膏大寒，是的，凡是治病的药，不是大热就是大寒。

> 小编：感觉石膏小寒，主要靠量大，动不动一两往上的用，药效可以叠加。犀角算大寒，一点点就能退大热了。

> 小编：石膏是大阳药，可以去肺中的浊物。疏通胃经，下气，治乳头下的乳癌，所以糖尿病也需要。","普通三钱至五钱，大剂二三两。

> 石膏的用量：白虎汤要大量用。一般中医用石膏觉得一两就够，差不多33克，倪老师认为大小青龙汤可用五钱、八钱，但如果是白虎汤，病进入阳明的时候（病刚开始在太阳，不治的话就进入阳明，进而少阳、太阴、少阴、厥阴），阳明症只热不寒，病人想喝最冰的水，那么石膏起手就是四两，甚至要用到八两、十两、十二两，十四两。

> 重用石膏还是越来越热，就要热极生寒。当用到十四两石膏，还是热的时候，就要改变思路，热极生寒，改用热药，这时候生附子下去，就会降温。

> 注：一般的大夫不敢重用石膏，其实只要辩证准确，可大胆的用。

> 石膏如何入药？跟石硫磺一样，是金石类的药，打粉装在棉布包里放进去煮。","伤寒中风太阳症，少阳症之往来寒热等均忌，真寒假热之症或因里虚引起之虚热症亦忌，有金疮下乳亦忌，胃家寒症者亦忌，恶巴豆畏铁。

> 病人觉得冷不可用石膏。很简单的道理，石膏是寒药啊，治疗热症。热症比较明显的特征是，热、渴、食欲很大、便秘。如果是虚寒症就不要用石膏了。",除时气头痛身热，三焦大热，皮肤热，肠胃中结气，解肌发汗，止消渴烦逆腹胀，暴气喘息，咽热，亦可作浴汤。,,,"治伤寒头痛如裂，壮热皮如火燥，和葱煎茶去头痛。

> 如何形容大热呢？甄权说，壮热皮如火燥。","治天行热狂头风旋，下乳，揭齿益齿。

> 石膏可以下乳。大明说能下乳，因为乳头正在阳明胃经上。",止阳明经头痛，发热恶寒，日晡潮热，大渴引饮，中暑潮热，牙痛。,"得石之性多，味虽咸而不甚，且此山之石即能生水，流而为泉，是故此石纯具水性，禀天水之寒，故能清热。

> 为何石膏清热力强？唐容川说石膏得石性，又得水湿，所以清热力量很强。",主治烦渴，旁治谵语烦躁身热。,,,,,,别录,甄权,大明,元素,容川,药征,,,,147.石膏.md
慈石,味辛寒，主周痹，风湿肢节中痛不可持物，洗洗，酸消，除大热，烦满及耳聋，今名磁石。,产山中能吸铁。,"磁石为补肾强阴要药，取其能引肺气入肾，使阴阳安宅，镇惊，明目，通耳，益精。

> 气喘如何判断是哪里的问题？呼吸有呼气，有吸气，吸一口气通畅的话是先吸到肺再到肾，如果只能吸到肺就呼出去的话，就会造成气喘，这种要治疗肾（金生水受阻）；呼气跟肾没关，就是肺的问题。所以吸气困难治疗肾，呼气困难治疗肺。‍‍‍

> 当吸气没法到达肾的时候，我们就通过药物来帮助，磁石就是其中一种，能够把气沉到肾。你如果只开治疗肺的药，患者会感觉气喘好一些了，怎么肾脏痛，这是因为气没有归元，加点补肾的药就好了。

> 磁石有吸引、慈爱的意味，而磁石治疗金生水受阻导致的气喘，相当于母生子出问题，正符合磁石吸引慈爱的意象。‍‍‍‍‍‍‍‍‍

> 因为磁石是沉降的药，能够镇惊。

> 过去有用磁石泡酒，可以补肾壮阳。",味辛，性寒，无毒。,入煎剂二钱至四钱，水飞用三分至八分。,"凡石药皆有毒，独磁石冲和无悍猛之气，然体重，难于消化，渍酒优于丸散，凡使火炙醋淬，研末水飞，或醋煮三日夜用，恶丹皮杀铁消金。
久则化铁，为铁之母，药性为，石属金，铁为水，故磁石本兼金水两性，而归于肾，故其主治肾，能自肾中吸引肺金之气，以归于根。",养肾脏，强骨气，益精除烦，通关节，消痈肿鼠瘘，颈核喉痛，小儿惊痫，炼水饮之。,,,补男子肾虚风虚身强，腰中不利，加而明之。,治筋骨羸弱，补五劳七伤，眼昏，除烦躁，小儿误呑针铁等，即研细末以筋肉莫令断与末同呑下。,补肾降火，强筋壮骨。,捡去杂质，捣碎，置铁锅中，煅透，趁热倒入醋渍淬，取出晾干，研粉即得。,,,,,,,别录,甄权,大明,灵胎,炮制,,,,,148.慈石.md
凝水石,味辛寒，主身热腹中积聚邪气，皮中如火烧，烦满水饮之，久服不饥，又名寒水石。,生于卤地积盐之下，精液渗入土中，年久至泉，结而成石，清莹如水晶，亦有带黑色者。,凝水石主明目固齿凉血降火，时气热盛，腹中积聚，疗汤火伤（烧研敷）。,味辛亦做咸，性寒，无毒。,"普通煎剂一钱至三钱。

> 用量一般比较少，这个盐田里出来的东西，特别咸，多了吃不进去的。",性寒，虚寒之体不宜，入肾走血，除热之功与诸盐同，畏地榆，解丹石巴豆毒，制丹砂，伏玄精石。,"除时气热盛，五脏伏热，胃中热，止渴，水肿，小腹痹。

> 天然盐可以利水。别录说的止渴，水肿，就是这个原理，吃天然的海盐、青盐、岩盐，也有这个效果，但人工盐就不行了，精炼盐越吃越水肿",,,压丹石毒风，解伤寒劳复。,,,,,,,,,,别录,甄权,,,,,,,,149.凝水石.md
阳起石,味咸微温，主崩中漏下，破子臧中血，症瘕结气，寒热腹痛，无子，阴痿不起，补不足。,产深山山谷，或曰，惟齐山有之。,"阳起石为补命门壮阳道要药，功能疗阴痿，男女下部虚冷，补不足。

> 阳起石是补命门壮阳的药。男女都可以用，所谓壮阳的阳，指的是力量，阳不是火。

> 阳和火有啥不一样？火是能看到，闷在里面的，能燃烧的，阳是太阳的光和热，我们知道地底下很热，那叫火，地面上很热，那叫阳。

> 阳起石是壮阳的，石硫磺是点命门火的。","味咸，性微温，无毒。

> 阳起石和凝水石的咸不一样。凝水石是盐田里的咸，能催吐但不能攻坚，阳起石是可以攻坚的。子宫卵巢癌，大肠癌，都会用到阳起石。","普通水飞用，五分至一钱。

> 无毒，重用1-3钱也可。","凡阴虚及阳痿属于失志，以致火气闭密，不得发越而然，与崩漏由于火盛，而非虚寒者，均忌，忌羊血，凡使用火灸酒淬七次，研细水飞用，不入汤药，又石药冷热皆有毒（因不易消化），非可久服之物。为云母石之根，其山冬不积雪，夏则生云，积阳上升，故凡病人阳气下陷，阳物不举者，用以升举阳气，此以阳助阳。

> 阳药用在虚寒症最好。这就是它的禁忌，但凡有点热，不管是虚火实火，就不好用，纯虚寒症才对症。",疗男子阴头寒，阴下湿痒，去汗臭，消水肿，令人有子。,,,补肾气，精乏腰痛，膝冷湿痹，子宫久冷，冷症寒瘕，止月水不定。,治带下瘟疫，冷气，补五劳七伤。,"补命门火不足。

> 好古又说能补命门火，实际上真补命门火，还是用石硫磺。阳不足用阳起石。",助阳益气。,拣去杂质，捣碎，置铁锅中，煅透，趁热倒入酒渍淬，取出晾干，研粉即得。,,,,,,别录,甄权,大明,好古,灵胎,炮制,,,,150.阳起石.md
孔公孽,味辛温，主伤食不化，邪结气，恶创疽瘘痔，利九窍，下乳汁。,,,,,,,,,,,,,,,,,,,别录,,,,,,,,,151.孔公孽.md
殷孽,味辛温主烂伤瘀血泄利寒热鼠瘘症瘕结气，今少用。,,,,,,,,,,,,,,,,,,,别录,,,,,,,,,152.殷孽.md
铁精,平主明目，化铜铁落，味辛平，主风热，恶创，疡疽创痂，疥气在皮肤中，铁主坚肌耐痛。,铁精或铁落为錬铁时锤打所落之皮甲。,"铁精为解热，安神，补血药，能除风热，治风痉，癫痫，善怒发狂。

> 治疗发狂。《黄帝内经》也提到过，生铁精可以治疗精神病，比如神志不集中，发狂，癫痫，善怒之类，如果是阳明症的发狂，就是有便秘症状的，不用生铁精，大小便正常的才用。

> 小编：打铁花的生铁落。这个可是治疗狂躁症、癫痫、精神病非常好的一味药。（柴胡加龙骨牡蛎汤，里边的铅丹，可以用生铁落代替，效果非常好，还没副作用）

> 用的时候也是棉布包起来煮汤喝就可以，味道有点辛辣，用量可以一钱至三钱包在袋子里，六碗水煮成两碗就可以，直接喝，不需要加别的。

> 这种金石类的药都比较沉，病人吃过之后要问问有没有下痢，没有就很好了。

> 铁精一般就这样单味使用来治疗精神病。凡是出现在《黄帝内经》或者经方里的方子，效果都比较快。",味辛，性平。,普通内服一厘至五厘，煎服者虽数钱亦可，近时多用以融化他药中服之。,铁性重坠，有碍消化，服原质者宜慎之，患肿者服之，一生须忌盐。,除胸膈中热气，食不下，止烦，去黑子，可以染皂。,,,治惊邪癫痫，小儿客忤，消食及冷气。,炒热投酒中饮，疗贼风痉，裹以熨腋下，疗狐臭有验。,,,,,,,,,别录,大明,苏敬,,,,,,,153.铁落.md
理石,味辛寒，主身热利胃，解烦益精，明目，破积聚，去三虫。,,,,,,,,,,,,,,,,,,,别录,,,,,,,,,154.理石.md
长石,味辛寒，主身热，四肢寒厥，利小便，通血脉明目去翳眇，下三虫，杀蛊毒久服不饥。,,,,,,,,,,,,,,,,,,,别录,,,,,,,,,155.长石.md
肤青,味辛平，主虫毒及蛇，菜肉诸毒，恶创。,,,,,,,,,,,,,,,,,,,别录,,,,,,,,,156.肤青.md
干姜,味辛温，主胸满咳逆上气，温中止血，珠汗，逐风湿痹，肠澼下利，生者尤良，久服去臭气通神明。,处处有之，即以母姜切片，在冬日于风日中透干制成者。,"干姜为除寒散结要药，主温中逐寒，回阳通脉，治四肢逆冷，中寒霍乱，冷痛疝气，
寒泻腹痛，开脏腑，宣脉络。

> 为啥说干姜回阳通脉？肺是阳气聚集的地方，所以一个人有无力气，跟肺关系最大，手太阴肺经过拇指，所以人五根手指，大拇指力气最大。

> 中医认为阳要失去的时候，就是回阳救逆的时候，让肺气回头，让阳气回头，会用到干姜。","味辛，性温，无毒。

> 为啥肺家寒症多用干姜？因为辛味药入肺，温药去寒。热症用寒药，寒症用热药，这都一般原则。

> 如何区分寒热？‍‍‍‍一个人咳嗽，问口渴么，不渴就是寒，很渴就是热；还可以看舌头，舌苔白是寒，舌苔黄燥是热。

> 一人咳嗽吐血是寒是热呢？这南北派看法不同，温病派认为吐血就是热症，统统用寒药，倪老师认为正因为里寒很盛才吐血，所以要开大温大热药。

> 原理大家可以联想，北方冬天水管冻破裂，正是因为太寒了，水管才爆掉，吐血是一个道理。所以咳嗽吐血用寒药会吐的更严重。

> 所以只要咳嗽吐血就要想到干姜。","普通一钱至三钱，大剂上两许。

> 干姜的用量。倪老师说他一般起手用两钱，不愿意开到三钱是因为它太辣，但急救的时候会重用。",生姜干姜炮姜禁忌同，久服伤阴损目，误服劫津耗液，凡阴虚内热，阴虚咳嗽吐血，表虚有热，汗出自汗盗汗，脏毒下血，因热呕恶，火热胀痛均忌。,寒冷腹痛，中恶霍乱胀满，风邪诸毒，皮肤间结气，止唾血。,,,治腰肾间疼痛冷气，破血去风，通四肢关节，开五脏六腑，宣诸络脉，去风毒冷痹，夜多小便。,消痰下气，治转筋吐泻肠脏，反胃干呕，瘀血扑损，止鼻红，解冷热毒，开胃消宿食。,主心下寒痞，目睛久赤。,"干姜炮制则温而不烈，性轻而上浮，而四逆理中，则干姜不炮，取其性烈，乃能去寒，能温土中之阳，阳出则阴消，为治寒湿之药，补火之药是火能化水也，故能行血。能补脾之火，是以土治水。

> 理中、四逆为何用不炮制的干姜？唐容川认为炮制过的干姜，就是在锅里炒过的，性温而不烈，药性清而上浮，但是理中汤、四逆汤都得生用干姜，不能炮制，就是看中干姜的烈性，才能去里寒。

> 为何干姜能利水？干姜是黄色的，姜也是生长在土里的东西，所以对脾很好，那任何能补脾的东西都能利水，所以干姜也能汽化水，也能治疗水肿。","主治结滞水毒也，旁治呕吐咳，下利，厥冷，腹痛，胸痛，腰痛。

> 啥叫结滞水毒？就是身体里有积水，上面讲过干姜利水的原理了。四肢积水、腹水、皮肤积水，都可以用干姜。",驱寒除湿，和血通气。,,,,,别录,甄权,大明,好古,容川,药征,灵胎,,,157.干姜.md
枲耳实,味甘温，主风头寒痛，风湿周痹，四肢拘挛痛，恶肉死肌，久服益气，耳目聪明，强志轻身。,,,,,,,,,,,,,,,,,,,别录,,,,,,,,,158.枲耳实.md
葛根,味甘平，主消渴，身大热，呕吐，诸痹，起阴气，解诸毒。葛谷，主下利，十岁以上。,"处处有之，江浙尤多，花名葛花，子名葛谷，根制粉名葛粉，捣汁名葛汁，均入药。

> 葛树在江浙一带比较多，葛花、葛谷、葛粉、葛汁都能入药。经方里用的最多的是葛根。","葛根为发汗解肌升阳散火要药，主消渴大热，伤寒中风，治头痛，泄泻，开胃气，解酒毒。

> 用葛根的典型症状是啥？项强。就是脖子僵硬的时候，脖子这里有膀胱经，有督脉，很多经络缠绕在这儿，跟葛根攀缘的状态很像，所以项强是葛根主治的。

> 经方里有六经辨症，分太阳、少阳、阳明、太阴、少阴、厥阴，葛根汤主太阳证，太阳证就是温病。

> 啥叫太阳证-冬伤于寒，春必温病？就是温病，冬伤于寒，冬天没把身体的保暖做好，受了风寒，春天就得温病。那温病也不是全部是冬天得的，比如有的小孩在外玩耍满身大汗，然后跑到通风的走廊去吹凉风，并且喝冰水吃冰棍，这种在运动后伤了津液的情况下受寒就是伤于冬，津液丧失而得了风寒就是温病。葛根汤常用于小儿症。

> 升阳散火-发水痘的例子小孩生水痘的时候，中医认为是一种胎毒，一开始会有闷烧，这时候也会用到葛根汤，因为能升阳散火，帮助把体内的热发出来，等烧退了，水痘也发出来了，也能开始吃东西了。

> 消渴大热。大热并且渴，说明上焦津液干枯了，葛根可以升提津液。

> 治疗痉病‍。这个病就是忽然晕倒，全身绷紧角弓反张，这是因为脑部的津液没有了，所以会摸到头是凉的，津液都堵在脖子那里，津液不足的时候人就会抽筋，抽搐起来像癫痫一样，这时候也要靠葛根汤，把津液从肾脏提升起来送到头部。治疗时候用量拿不准的时候，可以用五钱六钱，津液不怕多，不会吃成脑积水，脑部津液补充上了，抽搐会马上缓解。",味甘，性平，无毒。,普通二钱至六钱。,多用反伤胃气，升散太过也，丹溪曰已见红密点，不可服葛根升麻，恐表虚反增斑烂。,疗伤寒中风头痛，解肌发表出汗，开腠理，疗金疮，止胁风痛。,,,治天行上气呕逆，开胃下食，解酒毒。,治胸膈烦热发狂，止血痢，通小便，排脓破血，傅蛇虫毒，毒箭伤。,杀野葛巴豆百药毒。,"生者堕胎，蒸食消酒毒，可断谷不饥，作粉尤妙。

> 藏器说生用可以堕胎。

> 蒸的吃可以解酒毒。

> 断谷充饥‍‍‍‍。吃葛根粉可以断谷充饥，过去道家辟谷时候会用。今天的人如果得癌症了，也可尝试断食，因为这样不给癌细胞营养，它就不能长太快，又怕人饿坏，就可以冲点葛根粉来充饥，十天二十天，你跟癌细胞耗，最后它饿死了，你还活着。但也要看情况，这个人长得很壮，你可以尝试开点本草经上的东西让他吃并且断食，如果来的时候已经化疗多次了，再断食，就怕马上挂掉。",作粉止渴，利大小便，解酒去烦热，压丹石，傅小儿热疮，捣汁饮治小儿热痞。,"猘狗伤捣汁饮，并末傅之。

> 文中猘狗伤指的就是狂犬病。","葛根其根深，能以地中水气，上达于苗叶，其苗极长，象人身之太阳经，从膀胱水中，达阳气于经脉，以卫周身，故入太阳经。葛根气味较平，故发散而不伤血，根深能引水气，上达苗叶，故兼能升津液以治太阳之痉。其根色纯白，属金，又能吸水气上升，是金水相生之物，故又能引津气治阳明之燥，故入太阳阳明二经。与升麻不同，葛根根实，故升津不升气，升麻根空，有孔道以行气，故升气而不升津。

> 葛根和升麻。唐容川说葛根的根比较实，所以升津液，不升气；升麻的根比较空，所以孔道能行气，是升气不升津，所以病人跑来说口渴，肯定是开葛根，开升麻没用的。",,,,别录,甄权,大明,之材,藏器,开宝,苏敬,容川,,159.葛根.md
瓜篓根,味苦寒，主消渴身热，烦满大热，补虚安中，续绝伤。今名天花粉。,产我国陕西者良，他处亦有之，为山野自生之蔓草，根名天花粉，实名瓜篓实，皮名瓜篓皮，中含仁甚多，名瓜篓仁，俱入药。,"瓜篓实为润肺降气要药，主袪痰止嗽，涤胸中垢腻，润心肺及胃，治吐血，天花粉主消渴，烦满大热，通乳消肿。

> 瓜蒌根和瓜蒌实的用处不同。a消渴症、糖尿病用瓜蒌根，瓜蒌根治疗消渴比葛根还好；‍b瓜蒌根通乳消肿，能通奶水；c心脏病、胸痞用瓜蒌实，因为瓜蒌实如下图长的就像心脏；同时能润肺降气，一般能够治肺的药也能治心，几乎治疗心脏病的方子都能见到瓜蒌实；",味甘，性寒，无毒。,"普通一钱至三钱。

> 瓜蒌根的用量。一般三钱不够，得开到五钱以上，津液马上就生回来了。

> 瓜蒌实的用量。瓜蒌实比较重，开三钱就很重了。",脾胃虚寒作泄者忌，恶干姜畏牛膝，反乌头，忌铁。,主胸痹，悦泽人面。,,,润肺燥降火，治咳嗽，涤痰结，利咽喉，止消渴，利大肠，消痈肿疮毒。,子炒用补虚劳，口干，润心肺，治吐血，肠风泻血，赤白痢。,"瓜篓根实，皆能润肺治痰，此其同也，其中仁以清胸中痰火，润肠涤秽之功为主，其根治时热大渴，痈疮肿毒。皮能润肠消炎并行。一般治痰剂有宣有下有消有攻有润，而瓜篓实为润也，润剂之别是瓜篓清而润，苏子温而润，莱服子消而润，麦冬补而润，牛蒡杏仁散而润，补以治痰则有五味子之收敛，除湿健脾以治痰则有半夏之温而燥。

> 吴克潜讲的瓜蒌根实的不同大家可以参考。",按伤寒杂病论之用根为生津要药，滋润太阳经之燥与胃经之燥，实为去心包积痰之要药。,"花粉清热，入气分，色白味苦而有液，故泻热之功轻，入胃生津之力重。瓜篓实能治膈间之结气，因篓之膜似人胸之膈膜，又似人腹之象，又治大腹之气，因子有油而气烈，包有瓠而味苦，捣烂合用，能解膈膜之痰火.

> 瓜蒌根、实。唐容川认为天花粉可以清热，生津的力量比较强，瓜蒌实治疗膈间结气，因为瓜蒌像人的胸隔膜。","主治胸痹也，旁治痰饮。治消渴。

> 啥叫胸痞？就是胸口闷痛、胀痛，原因有可能是心脏瓣膜闭锁不全，也可能动脉血管堵塞，也可能心律不齐，都可以用瓜蒌实。文中说旁治痰饮，治消渴，那会用瓜蒌根。",,,,,别录,纲目,大明,吴克潜,倪注,容川,药征,,,160.瓜蒌根.md
苦参,味苦寒，主心腹结气，症瘕积聚，黄疸，溺有余沥，逐水，除痈肿，补中，明目，止泪。,产河南四川，各地山野及田畔湿地亦俱有之，根黄白色类牛蒡，甚苦，入药。,"苦参为燥湿胜热健胃杀虫积要药，主治积聚，症瘕，恶疮，疳症，泄血中热，清湿养阴。

> 苦参主治。a燥湿胜热健胃；‍b杀虫；c小便赤黄；d阴部湿疹；

> 外用苦参汤。可以把苦参煮汤外用，治疗皮肤痒，一般对荨麻疹有效，风疹不一定有效，对于皮肤上有寄生虫也有效。对于外用苦参不能止痒的，可改用蛇床子粉涂到患处，多能见效。","味苦，性寒，无毒。

> 苦参顾名思义，是苦的，性寒，苦寒药可以去热，小便刺痛、黄疸都可以用。",普通一钱至三钱。,"久服损肾气，肝肾虚而无大热者忌。

> 禁忌就是寒症不适合用。","养肝胆气，安五脏，除伏热，肠澼，止渴，醒酒，小便黄赤，疗恶疮下部虫。

> 为何能养肝胆之气？苦味药入心，肝胆为木，心为火，木为火之母，故能养肝胆之气。",,,治热毒风，皮肌烦躁，生疮，赤癞，眉脱，除大热，嗜睡，治腹中冷痛，中恶腹痛。,渍酒饮治疥杀虫。,治恶虫胫酸。,杀疳虫，炒存性，米饮服，治肠风泻血并热痢。,"遍身风疹，痛不可忍，肺热生疮，遍身皆是；瘰疬结核，下部疮瘺，诸般实症用之有效。

> 括要提到的功效。a遍身风疹，痛不可忍；b肺热生疮，遍身皆是；c瘰疬结核，就是喉咙的硬块，淋巴肿结；d鼠蹊部的肿块；

> 但以上症状都要热症才用，因苦参性寒。

> 戒烟。倪老师说戒烟方会用到苦参，再配合一些清热化痰的药，一吃下去，看到香烟就没欲望了，自然而然就戒掉了。",清心肝火，去小肠热。,,,,,别录,甄权,弘景,苏敬,纲目,括要,灵胎,,,161.苦参.md
当归,味甘，温，无毒。治咳逆上气，温疟，寒热洒洒在皮肤中。妇人漏下，绝子。诸恶疮疡，金疮。煮饮之。一名干归。,"我国西部皆有出产，以陕西四川为最良。

> 如何辨别优质当归。好的当归软软的，有清香，摸上去有点黏黏的，有油脂，如果是干干瘪瘪的破散开的当归，说明油脂没有了，就没效果了。","当归为补血清血要药，主一切血虚血浊，治瘘弱，痹痛，诸疮，破恶血，生新血，补女子诸不足，为调经良药。

> 为何当归可以清血？因为有油脂在里面，所以能够清血，对血虚血浊都有效，多用于妇科病。

> 当归滋补。治疗重症的时候会用到当归黄芪，这都是滋补的药，因为重症八成要攻坚，这时候补泄要兼顾一下。

> 补泄要因时因地制宜。如果病人精气神还不错，你可放手去攻坚，如果病人虚的不得了，就得先补，要因时因地制宜。所以没有一个处方是规定好一定治啥病的，同样一个肝癌的处方，精神好和不好是两个处方，对于那种完全虚掉的病人，得开十全大补汤先补回来，再说攻坚的事儿。","味甘苦辛，性温，无毒。

> 阳药。反复讲过辛甘发散为阳药。

> 苦味药能泄。当归不但是苦味，也有油脂，所以剂量大的时候患者大便会多，因为油脂能润肠。",普通二钱至五钱，大剂一至二两。,"性滑润，泄泻者慎用，脾胃薄弱者忌，用时须它药来佐。

> 下痢的人不要用。当归有油脂能够润肠通便，所以已经在下痢的话，就不要用了。",温中止痛，除客血内塞，中风痉汗不出，湿痹中恶，客气虚冷，补五脏，生肌肉。,,,"止呕逆虚劳寒热，下痢腹痛，齿痛，女人沥血腰痛，崩中补诸不足。

> 妇科用当归。甄权里讲的【女人沥血腰痛】就是妇科病，用当归补血升血。",治一切风一切气，补一切劳，破恶血养新血，及症癖胃冷。,主瘘痹嗜卧，足下热痛，冲脉为痛，气逆里急，带脉为病，腹痛腰溶溶如坐水中。,"当归辛苦，得地火之味，其气微温，得木之性，质多油，此因得地之湿，故能助心生血，以行于肝，其功专生血。归首之性升，故主生血，尾之性降，故主行血，性温润，可以去寒结。风能胜湿，风伤血则筋燥，当归能润燥。其味辛温，火也，其汁油润，水也，一物而具二者，是水交于火所化之物也，恰与血之生化相同，故主补血。

> 当归可以治疗肝病。唐容川说，当归得木之性，所以能够助血升血，能够行血于肝，所以治疗肝病，倪老师说他都会放点当归，当归本身也可活血化瘀，能润燥。

> 治疗癌症的要点。恢复胃气。只要胃气恢复，人就不会死掉，重症病人胃气恢复一般在半夜，凌晨一两点忽觉肚子饿，就是胃气恢复了。只要病人能吃能睡，大小便正常，这就是见好了，肿瘤或许还在或许不在，都不要紧了，有的人肿瘤会在体内伴随几十年，但它不影响日常生活就没关系，可以跟人体共存。‍‍‍‍‍

> 当归头、身、尾。当归头主生血，当归尾主行血。倪老师说当归拿来时候压扁切片，头身尾都有了，很少去区分，除非有人刻意下胎，那么当归头补血不适合下胎，就专门用当归尾，因为当归尾能行血，且有油脂润滑，故能滑胎。","补血养血，润肺润肠。

> 治疗肝病一定要润肠。因为肝的下方和大肠挨着的，肝气能够疏散要靠大肠，所以治疗肝病的窍诀是要通大肠，当归有油脂，是能够润肠通便的。",,,,,,别录,甄权,大明,好古,容川,灵胎,,,,162.当归.md
麻黄,味甘，温，无毒。治中风，伤寒，头痛。温疟，发表出汗，去邪热气，止咳逆上气，除寒热，破症坚积聚。一名龙沙。,我国西北部皆有出产，以山西大同为最良，其它如印度及西伯利亚南非洲皆有产。,"麻黄为发汗解散要药，功能退热平喘利水，主伤寒表实无汗，治肺实喘逆，通利水道。

> 麻黄是发汗解表药发汗好理解，啥叫解表呢？比如皮肤受到风寒时候，表面会闭锁，这时候汗就发不出来，这叫做【表实】，要把【表实】解开，就要用麻黄。但不能过量的用，汗出来就好了。

> 中医用药记得【药到就停】张仲景说的【一剂知，二剂已】也是这个意思，就是一剂吃下去好了，第二剂就不要吃了。像麻黄吃适量可以发汗，吃过量流汗不止会伤身的。

> 麻黄治疗肺家实症肺管全身的皮肤毛孔，所谓肺实症，就是里面的水动不了了，肺一打开，毛孔就打开，水才能往下走，所以气喘咳嗽几乎都用到麻黄，治疗水肿效果也好。

> 治疗肺的时候会治疗肝因为木火土金水，金克木，肺出问题，肝就不好，所以治疗肺病一定要治疗肝，麻黄青色入肝。",味苦，性温散，无毒。,普通五分至一钱，大剂三钱。,平日阳虚，腠理不密之人忌之，诸虚有汗，肺虚痰嗽，气虚发喘，均忌。,五脏邪气缓急，风胁痛，止好睡，通腠理，解肌泄邪恶气，消赤黑斑毒，不可多服，令人虚。,,,"治身上毒风疹痹，皮肉不仁，主壮热温疫，山岚瘴气等。

> 治疗皮肤病的原则假如皮肤伤口有脓，比如青春痘之类，有脓疮的时候不可以发表，一旦发表脓会更甚，另一个出血时候不要用，这时候用麻黄，出血力量更强。除此之外的皮肤病可以用麻黄。",通九窍，调血脉，开毛孔皮肤。,去营中寒邪，泄卫中风热。,"散赤目肿痛，水肿风肿，产后血滞。

> 麻黄可令瞳孔变大。过去用单味麻黄煮汤，之后滴到瞳孔里，可以让瞳孔扩大，如果看眼科有瞳孔扩的需求，可以用这个办法，不要去滴化学的药物。这是用到麻黄苦味能散的特点。","虽其茎直上，但却如草之丛生，故能上升又能外散，其茎空，直达而上，且无大味，纯得天轻阳之气，故专主气分。一般取其苗，以其苗细长中空，象人毛孔，而气轻扬，故能发汗，能通阳气，直走鼻皮毛，其根坚实味涩，故能止汗。

> 麻黄茎和节麻黄的茎直往上走，又是灌木丛往四处发散，所以麻黄能上升也能外散。中药里用到的麻黄是其茎，主发汗，其实麻黄的节能止汗，如果用麻黄病人流汗太多要脱水，那再开麻黄节，可以止汗的。",捡去杂质，去尽木质及残根，喷淋清水，微润，切 1.5 厘米段片，晒干或烘干，去灰即得。,主治喘咳水气也，旁治恶风恶寒，无汗，身疼，骨节痛，一身黄肿。,,,,别录,甄权,大明,元素,纲目,容川,炮制,药征,,163.麻黄.md
通草,味辛，平，无毒。主去恶虫，除脾胃寒热，通利九窍、血脉、关节，令人不忘。一名附支。又名白通草。,产于江南，多生山侧，茎入药。,"通草为利水退热要药，主泄肺热利阴窍，舒胃气，除水肿，治五淋，下乳催生。

> 通草下乳。大家看通草的样子，白色中间一个洞，很像乳房的样子，所以通乳时候用的多，此外阳起石、炒麦芽也可以下乳。

> 利水‍‍。因为通草味甘淡，甘淡药可渗利，能排水利湿。

> 为何能去肺热？通草色白入肺。",味甘淡，性平，无毒。,普通五分至一钱。,虚脱之人与孕妇禁忌。,,,,主利阴窍，治五淋，除水肿癃，泻肺。,解诸毒，虫毒。,明目退热，下乳催生。,"白通草象人身之油膜，故能通达油膜，上可以通乳，下可以通小便。

> 为何可以通乳？唐容川说白通草的样子像人的油膜，所以能通达油膜，上可通乳下可通小便。

> 治疗乳癌的思路。乳房硬块就是陈年奶水出不去所致，很多钙质积累成像石头一样的硬块，把乳腺塞住，所以治疗要点就是通利，凡是能通利三焦、淋巴的药都可通乳，黄耆硫磺都可以。",,,,,,,别录,东垣,苏颂,汪机,容川,,,,,164.木通.md
芍药,味苦，平，有小毒。治邪气腹痛，除血痹，破坚积，寒热，疝瘕，止痛，利小便，益气。一名白木。,"处处有之，为多年生草本，山野自生，或种植，因芍药花美也，根做纺锤形，外淡褐色而内白色，其稍赤者名赤芍。

> 白芍赤芍。芍药的根有的切开白色，有的切开红色，所以有的叫白芍，有的叫赤芍，实际上俩功效一样，没必要区分。","白芍为泻肝安脾，缓中去水要药，功能养血散瘀清热利肠，止腹痛，治痢疾，治胎产前后诸病，为女科良药。

> 白芍是阴药，桂枝是阳药。白芍味苦酸入血分为阴药，桂枝是辛散的阳药。这俩药常常搭配使用，它们的比例如何决定呢？当人阳盛阴虚的时候，芍药多用点桂枝少点，阴盛阳虚的时候，桂枝多点芍药少点。

> 肝脏有问题用白芍。肝属木，脾属土，木克土，肝脏有病的时候一定也要治疗脾，白芍是泻肝安脾的药，最合适拿来用。

> 为啥很多白色的药都能健脾？白色的药诸如白芍、薏仁、芡实、淮山、莲子，色白均入肺，又【子能令母实】，肺属金其母为脾土，故这些药也都能健脾。","味苦酸，性平，无毒。

> 酸味药收敛-治疗静脉瘤。芍药味苦能入血分，味酸能收敛，入血又能收敛是治疗静脉瘤最好的药，静脉血管一收缩，静脉瘤就好了。

> 治疗静脉瘤芍药的用量。有人说吃白芍一次三钱吃了一年，药那么苦，也没见效，三钱药效至多到小肚子，治疗月经痛还可以，到不了小腿，想要治疗静脉瘤至少一两起。

> 不能重用芍药的情况。经方有句话【腹痛用白芍，胸满用枳实】，就是说胸满的时候不能用白芍。因为芍药酸味收敛之性导致静脉血流回心脏的速度很快，如果本来就胸满，再重用白芍，更觉难过，所以经方里张仲景凡是遇到胸满的就用桂枝汤去白芍。","普通二钱而五钱，大剂一两以上。

> 白芍的剂量‍‍。倪老师说一定要对药效有信心，比如白芍开3钱下去无效，可马上加到5钱，加到5钱7钱还是不见效，那可能有里寒在，白芍只能活血化瘀，但不能去里寒，那得加点硫磺或者炮附子。",凡中寒腹痛，中寒作泄，肠胃中觉冷，均忌，反藜芦恶芒硝，鳖甲，小蓟。,通顺血脉，缓中散恶血，逐贼血，去水气，利膀胱大小肠，消痈肿，时行寒热，中恶，腹痛腰痛。,,,女人一切病，胎前产后诸疾，治风补劳，退热除烦，益气，惊狂头痛目赤，明目，肠风泻血，痔瘘，发背，疮疥。,泻肝安脾，收肺气，止泻痢，固腠理，和血脉，收阴气敛逆。,理中气治脾虚中满，心下痞，胁下痛，善噫，肺急胀逆，喘咳，太阳鼻衄，目涩肝血不足，阳维病苦寒热，带脉病苦腹痛满，腰溶溶如坐水中。（血痹即血凝于肌肤而为痹）。,"为春之花，而根微酸，故主能敛肝木，降火行血。苦性较轻，故白芍只微降，大黄则降力大。味苦能泻血，其色白，故又能行气分之水。

> 白芍敛肝木。唐容川说白芍是春天的花，所以能敛肝木，味苦能泄血，色白入肺能行气分之水。",主治结实而拘挛，旁治腹痛头痛，身体不仁，疼痛腹满，咳逆下利肿脓。,"平肝止痛。

> 白芍平肝止痛。徐灵胎说白芍能够平肝止痛，倪老师补充说若是因为有淤血痛，白芍可以，后面还会介绍止肝痛更强的药，延胡索和金铃子，这俩是中医的止痛药，效同吗啡，比如肝癌的痛就可以用到。",,,,,别录,大明,元素,好古,容川,药征,灵胎,,,165.白芍.md
蠡实,味苦，平，无毒。治皮肤寒热，胃中热气。风寒湿痹。坚筋骨，令人嗜食。久服轻身。花、叶，去白虫，喉痹。一名剧草。一名三坚。一名豕首。又名马蔺子。,产我国陕西河南一带多有之，为山野自生之宿根草，实入药。,蠡实主治皮肤寒热，一切疮疖，产后血晕，寒疝诸疾，利大小便。,味甘，性平，无毒。,普通一钱至三钱。,不详。,止心烦满，利大小便，长肌肤肥大。,,,疗金疮血内流，痈肿有效。,妇人血气烦闷，产后血晕，并经脉不止，崩中带下，消一切疮疖，止鼻衄吐血，通小肠，消酒毒，治黄病，杀蕈毒，傅蛇虫咬。,,,,,,,,,别录,苏敬,大明,,,,,,,166.蠡实.md
瞿麦,味苦，寒，无毒。治关格，诸癃结，小便不通。出刺，决痈肿，去翳，破胎堕子，下闭血。一名巨句麦。,为山野河边自生之宿根草，子黑色扁平，入药。,瞿麦为利水破血要药，主五淋，治小便癃闭，月经不通，降心火，利小肠。,"味苦，性寒，无毒。

> 苦寒药利水利血。苦药能攻坚能泻下，所以这个药用在利水，可做利尿剂，也可破血，活血化瘀。注意药性是寒，故用在实热症。",普通一钱至三钱。,"瞿麦性猛利，善下逐，凡肾气虚，小肠无大热，胎前产后一切虚人患小水不利，及水肿鼓胀脾虚者均忌，能堕胎孕妇忌用，恶螵蛸，伏丹砂。

> 禁忌很简单实热可用，虚寒不可用，比如小便赤黄是实热，淡白就是虚寒。

王执中曰：五淋大抵皆属湿热，热淋用八正散（瞿麦萹蓄车前滑石甘草山栀仁木通大黄），血淋宜小蓟牛膝膏，肾虚淋宜补肾，不可独泻，老人气虚者。宜参术加木通山栀，亦有痰滞中焦作淋，宜行痰兼通利药，最忌发汗，汗之必便血。

> 淋病治疗分出血或不出血‍。最后一句【忌发汗，汗之必便血】，这指的是小便出血的淋病不可发汗。淋病如果是湿热症，可以用瞿麦寒药。如果是小便带血的淋病，忌发汗，因为汗血同源，发汗过多血会虚掉，发汗也会导致小便变浓稠浑浊，沙淋石淋里边有结石会把尿道划开导致出血，所以凡是小便出血的淋病，忌发汗。‍‍‍‍‍‍‍‍‍‍‍‍‍‍

> 用瞿麦的时机。上面原理了解了，大家就知道用瞿麦的时机，又需要利水又需要破血的时候才用，有的利尿剂是不能破血的，这时就显出来瞿麦的妙用，比如病人膀胱有踢伤，你又要利尿又要活血化瘀，那就是用瞿麦。",养肾气，逐膀胱邪逆，止霍乱，长毛发。,,,主五淋，月经不通，破血块排脓。,,,,,,,,,,别录,大明,,,,,,,,167.瞿麦.md
玄参,味苦，微寒，无毒。治腹中寒热积聚，女子产乳余疾。补肾气，令人目明。一名重台。又名黑参，元参。,处处原野多产之，根直而肥大，生时本白色，切片后即变黑。,"元参为清火退热要药，功能治一切实热，狂热，燥热，肿疡，瘰疬。

> 清火退热的药，看文中写【实热，狂热，燥热， 肿疡，瘰疬】，均为热症。肿疡是脓疮，瘰疬是肿块硬块。","味苦，性微寒，无毒。

> 苦味药能泻泄能坚，性微寒，热症时候用它。",普通钱半至三四钱，大剂一二两。,"凡血少目昏，停饮支满，血虚腹痛，脾虚泄泻，均忌。恶黄耆干姜、茴香山萸，反藜芦勿犯铜铁。

> 禁忌就是虚寒症不能用。",暴中风伤寒，身热又满，狂邪忽忽不知人，温疟洒洒，血瘕，下寒血，除胸中气，下水，止烦渴，散颈下核，痈肿，心腹痛，坚症。,,,"热风头痛，伤寒劳复，暴结热，散瘿瘤瘰疬。

> 啥叫散瘿瘤瘰疬？指的就是甲状腺肿大，或腮腺肿大，包括腋下淋巴肿大、鼠蹊部淋巴结发炎都可用玄参，因为以上均属于实热症。",治游风，补劳损，心惊烦躁，骨蒸，传尸邪气，消肿毒。,"滋阴降火，解斑毒，利咽喉，通小便血滞。

> 《本草纲目》是温病派的书，所以只讲滋阴，经方家看法不同。上文甄权就是一位跟孙思邈齐名的唐代经方家。",育阴滋水。,,,,,,,别录,甄权,大明,纲目,灵胎,,,,,168.玄参.md
秦艽,味苦，平，无毒。治寒热邪气，寒湿风痹，肢节痛。下水，利小便。一名秦瓜。,产我国陕西河北河南等地，生山谷中，根做土黄色，以有罗纹相交者良。,"秦艽为治风湿要药，功能清风热治湿热，主寒热身酸痛，黄疸酒毒，养血，荣筋，安胎。

> 治疗风湿的要药。秦艽的根部互相交叉把植物包裹起来，特别像脊柱和脖子的关系，所以治疗督脉的病，脖子、尾椎、腰椎的酸痛，除了针灸，处方里都可以用点秦艽。

> 中药里能治疗风湿关节的药。秦艽：用在脊椎骨上。乌头：用在手关节。防风：用在膝关节",味苦辛，性平，无毒。,普通钱半至三钱。,下部虚寒人及小便不禁者均忌。,疗风无问久新，通身挛急。,,,"利大小便，疗酒黄，黄疸，解酒毒，去头风。

> 甄权说秦艽可以：a利大小便 b治疗黄疸 c解酒 d去头风

> 上文提到的bc可兼顾使用，比如酒醉后皮肤发黄，那就用秦艽。",傅尸骨蒸，治疳疾及时气。,除阳明风湿，及手足不遂，口噤牙痛，口疮，肠风泻血，养血荣筋。,泄热，益胆气。,"秦艽味苦能杀虫、故外科亦用之，时珍曰：阳明有湿则身体疼烦热，阳明有热则日晡潮热骨蒸，沈金鳌曰感受风寒发热，遍身疼痛，必以秦艽治之，以其能散结除邪也。

> 外科用就是熬汤后敷在患处或者用水洗，可以杀虫。","秦艽肌纹多，左右交缠。故治左右偏风，筋脉疼痛之症，利于续接经脉。

> 秦艽和续断。骨头折断用续断，筋折断用秦艽，左右偏瘫也用秦艽。",,,,,别录,甄权,大明,元素,好古,吴克潜,容川,,,169.秦艽.md
百合,味甘，平，无毒。治邪气腹胀，心痛，利大小便。补中益气。生山谷。,处处有之，生山谷中，种类颇多，以味苦者为真，白花者为良，根入药。,"百合为清凉退热要药，主润肺宁心，清热止咳，补中益气，治百合病，肺病，吐血。

> 百合色白入肺。可润肺宁心，令心安宁，有吐血可以用百合。

> 啥时候润肺？肺干燥时候。如何知道肺干燥？总是喝水，干咳，这就是干燥。可以开润药，比如百合、杏仁、莲子。",味甘，性平，无毒。,普通一钱至三钱。,"中寒者勿服。
如天下之下垂，本天清之气。皆入气分。以敛肺气。

> 禁忌就是寒症不用。","除浮肿胪胀，痞满寒热。通身疼痛，及乳难喉痹，止涕泪。

> 百合可以增加奶水。因为乳汁是白的，百合也是白的。",,,百邪鬼魅，涕泣不止。除心下急满痛，脚气热咳。,"安心定胆益志，养五脏，治颠邪狂叫惊悸，产后血狂运，杀虫毒气，胁痈乳痈发背诸疮肿。

> 啥叫【胁痈乳痈发背诸疮肿】？‍痈就是硬块化脓了，乳痈就是乳房的硬块癌症。",温肺止嗽。,补肺益气。,拣去杂质，筛去灰即得。,,,,,,别录,甄权,大明,元素,灵胎,炮制,,,,170.百合.md
知母,味苦，寒，无毒。治消渴，热中，除邪气。肢体浮肿。下水，补不足。益气。,我国河内川谷濒河，及解州滁州多产之，为多年生草根横生，类万年青。,"知母为清凉解热要药，功能泻肺火，清胃火，下水消肿，利二便。

> 肺脾之间的药。知母长得黄白相间，黄色入脾，白色入肺，是肺脾之间的药。主要就是清肺火、胃火。

> 如何知道胃火大？胃口好到从早吃到晚，把胃口减少一点，就可以用知母，它是清凉去胃火的。要是再加点石膏，那吃下去可能马上没啥胃口了，石膏也很寒。

> 石膏+知母。光是用石膏，不能益气的，知母可以益气。所以它俩常常一起用，能够利水、利大小便，最适合阳明纯热症，阳明就是大肠和胃。

> 便秘分寒实热实。在阳明的便秘就是实热。

> 如何区分寒热？一礼拜不上厕所不难过的就是寒实，因为不蠕动，还可以看小便颜色，热症是赤黄，寒症是淡白。

> 区分寒实热实的意义。开处方如果是热实，既要有去热的药也要去实，寒实也是这样，所以知道寒热才能开方。假如寒实热实的便秘，只开去实的药，不管寒热，那患者排便会很痛苦的。","味苦，性寒，无毒。

> 苦寒药清凉解热的。",普通钱半至三钱。,"能滑肠，泄泻者忌，阳痿及易举易痿，脾弱饮食不化，胃虚不思食，均忌，勿犯铁器，得黄相及酒良。

> 禁忌就是虚寒症不要用，这是清凉解热的药。",疗伤寒久疟烦热，胁下邪气，膈中恶，及风汗内疽，多服令人泄。,,,心烦燥闷，骨热劳往来，产后蓐劳，肾气劳。憎寒虚烦。,热劳传尸疰痛，通小肠，消痰止嗽，润心肺，安心止惊悸。,凉心去热，治阳明火热，泻膀胱肾经火热，痰厥头痛，下痢腰痛，喉中腥臭。,"泻火而上清肺金，滋水而下润肾燥，治命门相火有馀。

> 好古说【治命门相火有馀】，就是火太多了可以用。","知母叶至难死。拔之犹生，即知其得水气多，故能清气分之热。

> 知母清气分的热。唐容川说知母的叶子很难掉光，掉一点就长出来，所以知母得水气多，可以清气分的热，啥叫气分的热，就是肺热啊。

> 气分的热是肺热，血分的热是心脏、血管里的热。

> 小孩高烧如何区分壮热还是恶寒？盖被子发抖是恶寒，可以用麻黄汤；一点都盖不了被子是壮热，壮热就用白虎汤。

> 便秘高烧怎么办？倪老师说他用大承气，先把大便攻出来。",,,,,,别录,甄权,大明,元素,好古,容川,,,,171.知母.md
贝母,味辛，平，无毒。治伤寒烦热，淋沥邪气，疝瘕。喉痹，乳难，金疮，风痉。,产四川山西等地，为圆球形之根。色白入药，今浙江亦有之，称浙贝母，功用稍异。,"贝母为袪痰治咳要药，功能散结泄热，润肺清火，治烦热疮疡。

> 贝母是祛痰的要药。因为它是辛苦味能够散，能够泻，且色白入肺。","味辛苦，性平无毒。

> 贝母是辛辣的，所以入肺，并主发散。",普通钱半至三钱。,寒湿痰食痰嗽，湿痰在胃，恶心欲吐，痰饮作寒热，脾胃湿痰作眩，及痰厥头痛，中恶呕吐，胃寒作泄，法宜用辛温燥热者，均忌贝母。,疗腹中结实，心下满，洗洗恶恶，风目眩项直，咳嗽上气，止烦热渴，出汗。,,,"消痰润心肺。末和沙糖丸含之，止嗽，烧灰油调，传人畜恶疮，敛疮口。

> 贝母收敛疮口的传说。据说有人手臂上生疮，这疮是人面疮，长得像人，还会吃东西，你喂它啥它就吃啥，甚至桂枝、附子、乌头都被它吃掉了，但是当吃掉贝母的时候，它从此就缩起来了，所以贝母可以收敛疮口。",色白性平，利胸肺之痰气。,主治胸膈郁结痰饮。,,,,,,,,别录,大明,容川,药征,,,,,,172.贝母.md
白芷,味辛，温，无毒。治女人漏下赤白、血闭、阴肿、寒热、风头侵目泪出，长肌肤。润泽。可作面脂。,处处有之，根有轮节或隆起，外面色淡黄褐。气味甚香。,"白芷为散风表汗要药，功能通窍去湿，疗风行血，止头痛，和肠胃，烧之辟邪气。

> 白芷是散风的药。因为它是辛味，主发散。",味辛，性温，无毒。,"普通五分至钱半。

> 白芷用量。白芷能美容养颜，多吃点都可以的，用到5钱都行，白芷里有油脂，可以增润皮肤。",呕吐由于火，漏下赤白，阴虚火炽。病由血热所致者，均忌。恶旋覆花，制雄黄硫黄。,疗风邪，久渴吐呕，两胁满，头眩目痒。,,,能蚀脓，止心腹血刺痛，女人沥血腰痛血崩。,治目赤努肉，去面皯疵瘢，补胎漏滑落，破宿血，补新血，乳痈，发背，一切痈疮疥癣，止痛排脓。,"解利手阳明头痛，中风寒热，及肺经风热，头面皮肤风痹燥痒。

> 啥是手阳明头痛？就是额头痛。","驱风燥湿。

> 祛风的药为何能燥湿？因为风能胜湿，有湿气的地方风吹一吹就好了，所以能够祛风的药也能燥湿。","白芷辛香，色白入肺，入阳明陉，根性又主升，故能升散肺与阳明之风寒。

> 白芷升散肺与阳明风寒‍。所以白芷可以治疗胃经上的问题，比如前额头痛、青春痘，比如奶水、乳房的问题。",,,,,,别录,甄权,大明,元素,灵胎,容川,,,,173.白芷.md
淫羊藿,味辛，寒，无毒。治阴痿，绝伤，茎中痛，利小便，益气力，强志。一名刚前。,产四川北部，据云其地有淫羊，一日百遍合，乃食此霍所至，叶为卵圆形类杏叶，入药。,"淫羊霍为壮阳益精要药，功能治阳痿茎痛，坚筋骨，利小便。

> 淫羊藿是壮阳益精的药。可以治疗阳痿，茎痛。","味辛苦，性温（或作小寒）

> 苦味能坚，辛味发散，性温可以滋补。

> 为啥性温的药滋补。大家总听过温补、热补，没听过寒凉补，所以滋补的药通常是温热的。",普通钱半至三钱。,"凡虚阳易举，梦遗不止，便赤口干，强阳不痿均忌。得酒良。

> 禁忌就是虚阳的跟阳强不倒的不要用，这种情况要想法把阳消下去。

> 滋补的药酒。米酒里泡点淫羊藿，巴戟天，肉苁蓉，覆盆子，夏天开始泡，冬天打开吃，很滋补，但也不要吃太过，阳强不下也是病。",坚筋骨，消瘰疬赤痈，下部有疮，洗出虫，丈夫久服，令人有子。,,,"治丈夫绝阳无子，女人绝阴无子，老人昏耄，中年健忘，一切冷风劳气，筋骨挛急，四肢不仁，补腰膝，强心力。

> 淫羊藿男女都可用。中药没有男女荷尔蒙的概念，只是分阴阳，所以男女都可以吃淫羊藿来滋补，文中说男女吃了可以治疗无子的问题。",,,,,,,,,,别录,大明,,,,,,,,174.淫羊藿.md
黄芩,味苦，平，无毒。治诸热，黄疸，肠澼，泄利，逐水，下血闭。恶疮，疽蚀，火疡。一名腐肠。,产山谷间，亦为园圃之多年生草，根深黄色带褐。,"黄芩为清热要药，功能去心肺大小肠诸经之热，肝胆之火。主治黄疸，肠澼泄利，风热，湿热：天行热疾，女科养阴安胎。

> 黄芩清热。主治写黄芩可以去心肺大小肠的热，肝胆的火，还可以治疗下痢。

> 黄芩治疗热性的下痢。因为黄芩是清热的药，如果是寒性下痢就别用。

> 如何区分下痢的寒热？看大便臭不臭，比如吃进去玉米，排出来的还是玉米，这是寒性下痢，如果拉出来的消化了，但是特别臭，那就是热性的，可以用黄芩。

> 黄芩治疗肝癌肝硬化。病到这个程度，通常是寒热病结，又得用去热的药，也得用去寒的药，黄芩就是帮助去肝胆火的。黄芩也可治疗胆结石。

> 为啥怀孕时候可以吃黄芩养胎？因为怀孕时候，一般是一人吃俩人补，这时候多出现热症。","味苦，性平，无毒。

> 黄芩苦味药，可以泻热。",普通钱半至三钱。,过服损胃，血虚寒中者忌。,疗痰热，胃中热，小腹绞痛，消谷，利小肠，女子血闭，淋露下血，小儿腹痛。,,,"治热毒骨蒸，寒热往来，肠胃不利，破壅气，治五淋，令人宣畅，解热渴。

> 啥叫寒热往来？就是患者会讲，一会冷一会热。","黄芩味苦，中多空虚，有孔道，人身惟三焦；是行水气之孔道主相火，故主清相火，

> 为何黄芩可行水气之孔道。大家看黄芩的样子，中间有孔道的。

> 为何黄芩能入胆。大家看黄芩的颜色，真的黄芩是黄色中间有一点点青色，青色入肝胆。

> 胆汁是绿色。如果有小孩大便是绿色，或者哺乳期奶水是绿色，那就是胆汁，治疗胆相关的病都会用到黄芩。

> 为啥五淋小便痛也能用黄芩？大家想肝经是从头络到睾丸，黄芩入肝胆，所以跟小便相关的热，也可用黄芩。","治心下痞也，旁治胸胁满，呕吐下利也。

> 心下痞。心下也包括胃，所以呕吐也能用黄芩。

> 举例心下痞症状。比如病人微微发烧，浮脉，《黄帝内经》讲浮脉是表，也就说开点发表的药就好了，这时候病人肚子还有点饿，结果吃了不太新鲜的食物，造成下痢，结果表邪下陷就成了心下痞。治表症的时候一般不可以攻下，要先解表再攻里，结果不小心吃坏肚子，这时候太阳病变少阳病，堵在胸肋之间，就可以用点黄芩。",清热止利。,,,,,,,别录,甄权,容川,药征,灵胎,,,,,175.黄芩.md
狗脊,味苦，平，无毒。治腰背强。关机缓急，周痹，寒湿膝痛。颇利老人。一名百枝。,产山野湿地自生之宿根草，根黑色，长而多岐似狗脊，故名。,狗脊为益气血，强筋骨要药，功能治肝虚肾亏，脚弱腰痛，筋肉拘急，失溺淋露。,味苦甘，性微温（或作平），无毒。,普通钱半至三四钱。,肾虚有热，小水不利或短涩黄赤，口苦舌干，均忌，恶香附败酱草,疗失溺不节，男女脚弱腰痛，风邪淋露，少气，目暗，坚脊，利俯仰，女子伤中关节重。,,,"男子女人毒风软脚，肾气虚弱，续筋骨，补益男子。

> 补益男子。就是男人吃了补肝补肾，很滋补。",去寒湿，强筋骨。,,,,,,,,,别录,甄权,灵胎,,,,,,,176.狗脊.md
石龙芮,味苦，平，无毒。治风寒湿痹，心腹邪气，利关节，止烦满。久服轻身、明目、不老。一名鲁果能。一名地椹。,产山东等地，生川泽石边，子入药。,石龙芮主治风寒湿痹，利关节，养胃气，能强阴益精。,味苦，性平，无毒。,普通一钱至三钱。,宜大戟为使，畏茱萸蛇蜕皮。,平肾胃气，补阴气不足，失精茎冷，令人皮肤光泽有子。,,,逐诸风，除心热燥。,,,,,,,,,,别录,大明,,,,,,,,177.石龙芮.md
茅根,味甘，寒，无毒。治劳伤、虚羸，补中益气，除瘀血、血闭、寒热，利小便。其苗，主下水。一名兰根。一名茹根。,生于原野路傍之宿根草，产楚地，今处处皆有。,白茅根为止血利尿要药，功能止吐血行瘀血，治消渴水肿，不伤胃气。,"味甘，性寒，无毒。

> 白茅根为啥利水？甘味药，甘淡渗利故利水。",普通钱半至三钱。,"不宜遇铁。胃寒脾湿者忌之。

> 胃寒不用白茅根。白茅根性微寒，所以胃寒脾湿就别用了，胃寒的人吃几口就饱了，不爱吃饭。",下五淋，客热在肠胃，止渴，坚筋，妇人崩中。,,,"主妇人月经不匀，通血脉，淋沥。

> 治疗月经病。因为白茅根能活血化瘀。如果每月来月经肚子就胀得很硬，来完就没事了，这就是要活血化瘀，同时也要利水，可用白茅根。",,,,,,,,,,别录,大明,,,,,,,,178.白茅根.md
紫苑,味苦，温，无毒。治咳逆上气，胸中寒热结气，去蛊毒，痿厥，安五脏．一名青菀。,为山野多年生草本，产我国中部，庭园亦可栽植，其花美丽，根状似细辛，其质柔轫，入药。,紫苑为祛痰止咳要药，主治咳逆，痰涎，吐脓血，益肺气。,"味苦辛，性温，无毒。

> 为啥治疗咳嗽？味辛，入肺能散，味苦，能泻。性温，治疗寒性的咳嗽。

> 寒咳，吐血，用紫苑。",普通七分至钱半。,肺病咳逆喘嗽，皆阴虚肺热也，忌独用多用，即用亦须与二冬百部桑皮等苦寒药参用，方无害以其性温也。,疗咳唾脓血，止喘悸，五劳体虚，补不足，小儿惊痫。,,,治尸疰，补虚下气，劳气虚热，百邪鬼魅。,调中消痰，止渴润肌肤，添骨髓。,益肺气，主息贲。,,,,,,,,别录,甄权,大明,好古,,,,,,179.紫苑.md
紫草,味苦，寒，无毒。治心腹邪气，五疸，补中益气，利九窍，通水道。一名紫丹。,为山野自生之宿根草，园圃亦可栽种，产于寒地野生之根为良。,"紫草为痧痘要药，功能凉血，活血，透发解毒，治恶疮天花，麻疹及小儿疮疖与面皻。

> 寒药能不能用寒症呢？麻疹、水痘、恶疮都可用紫根。但要注意寒症不可，比如痘疹是凹进去的，发白的，那就是寒症，包括肠胃虚寒的都不能用。

> 但倪老师又说，禁忌嘛看看就好，如果小孩子发疹子很厉害，虽然虚寒下痢，不管他了，也照用，但你可以加点白术、附子么，把虚寒散掉。",紫草味甘咸，性寒，无毒。,普通二钱至三钱，大剂一两。,痘已出而红活及白陷，脾胃肠虚寒大便溏者忌服。,"通水道，疗肿胀满痛，以合膏疗小儿疮及面皻。

> 紫云膏。把紫根6碗水熬出来1碗水跟黄蜡调和到一起，可以外涂，治疗面疱，湿疣，癣。",,,治疮癣。,"淸血除邪。

> 收疮口。比如乳癌破洞流脓，也可用紫根通水道，活血，收疮口。",,,,,,,,,别录,甄权,灵胎,,,,,,,180.紫草.md
败酱,一名鹿肠．味苦，平，无毒。治暴热，火疮赤气，疥瘙，疽，痔，马鞍热气。生川谷。,处处有之，生川谷间。,"败酱草主治赤眼，障膜，弩肉，聤耳，痈肿结热，破凝聚血，化脓为水。

> 治疗眼疾。败酱草可以治疗眼疾，眼睛发红、角膜炎、白内障都可以。

> 治疗耳疾。‍‍聤耳，就是耳朵里面化脓，中耳炎。",味苦【或作咸】，性平（或作寒），无毒。,普通一二钱。,忌葱，性专下泄，无瘀者忌。,除痈肿，浮肿，结热，风痹不足，产后痛。,,,"治毒风瘰痹，破多年凝血，能化脓为水，产后诸病，止腹痛，余疹烦渴。

> 如何确认急性盲肠炎？急性盲肠炎西医往往会误诊，有时候开刀下去发现不是，病人白挨一刀。

> 中医确诊盲肠炎有以下：a关元穴外开3寸的地方很痛，这大约是盲肠的位置；‍b足三里下两寸是阑尾点，压上去，剧痛，那就是盲肠炎；c问大便如何，有的盲肠流脓堵在那里，食物都坏死在里面出不来，很久不大便，最终爆开，导致腹膜炎；

> 如何确认从盲肠炎转为腹膜炎？转腹膜炎之前，压到关元外三寸剧痛，爆开后，压力消除，就不痛了，但这个地方会发热。

> 一个医案。倪老师讲一个患者腹膜炎15年足不出户，西医没查出来怎么回事，来用中医的办法治疗，用大黄芒硝败酱草就清出来了，患者便秘很严重，连续吃了3个月大黄芒硝。

> 为何连吃3月大黄芒硝不会虚弱？因为这是以通为补，病人说吃了药，每天拉五六次，但体力一直在恢复。只要把原来不通的地方通开，吃下去的食物就会被吸收消化，所以体重、精气神都可以得到恢复。

> 败酱草治疗的腹痛是腹膜炎。甄权里讲的腹痛，就是腹膜炎，不要经痛来吃，而且治疗时候也是复方，比如会用到薏仁附子败酱散。

> 腹膜炎有两种。一种是盲肠破掉，一种是胆破掉，都可以用败酱草。

> 如何确认是实症？像上面的医案能重用大黄芒硝那么久，就是笃定是实症，如何判断实症呢？有东西在里面就是实，有实就会压痛，而且24小时不听的痛，如果是虚症一般会喜按，越按越舒服。",治血气心腹痛，破症结，催生落胞，血运鼻衄，吐血，赤白带下，赤眼障膜，弩肉，聤耳，疮疖疥癣，丹毒，排脓补瘘。,,,,,,,,,别录,甄权,大明,,,,,,,181.败酱草.md
白鲜皮,味苦寒，无毒，治头风，黄疸，咳逆淋漓，女子阴中肿痛。生川谷。,处处有之，以四川者为良。,白鲜皮主治头风黄疸，天行时疾。,"味苦，性寒，无毒。

> 白鲜皮性寒，用于热症。","钱半至三钱。

> 如果黄疸黄的很严重，加重剂量用3-5钱都可以。","不详

> 禁忌其实就是寒药不用于虚寒症，但一般黄疸也都是热症。","疗四肢不安，时行腹中大热，饮水欲走大呼，小儿惊痫，妇人产后余痛。

> 四肢不安，指的是走路、站起来都有问题，也可用白鲜皮。",,,"治一切热毒风，恶风，疮疥癣赤烂，眉发脱脆，皮肌急，壮热恶寒，解热黄，酒黄，急黄，谷黄，劳黄。

> 各种黄症。解热黄，酒黄，急黄，谷黄，谷黄就是吃坏肚子导致的黄，谷是五谷杂粮，劳黄是劳病，工作太辛苦所致，以上各种黄都可用白鲜皮。

> 突然的发黄。可能是胆堵到了，也可用白鲜皮。",通关节，利九窍，及血脉，通小肠水气，天行时疾，头痛眼疼，其花同功。,,,,,,,,,别录,甄权,大明,,,,,,,182.白鲜皮.md
酸浆,味酸，平，无毒。治热，烦满，定志，益气，利水道。产难，吞其实立产。生川泽及人家田园中，一名醋浆。又名洛神珠。灯笼草。,田园之中。,其苗，叶，根，茎皆为解热，排水药，治百日咳，黄疸，小便赤涩，果能催生。,"其根及苗味苦，性寒。酸浆果味酸，性平。

> 酸味药可以收敛。",一般一钱至四钱。,孕妇禁忌。,酸浆果主治烦热，定志益气，利水道，难产吞之，立产。,,,酸浆捣汁服，治黄病多效。,灯笼草治上气咳嗽，风热，明目，根茎花实并用。,酸浆果食之除热，治黄疸，尤宜小儿。,,,,,,,,别录,弘景,唐本,苏颂,,,,,,183.酸浆.md
紫参,味苦，寒，无毒。治心腹积聚，寒热邪气。通九窍，利大小便。治牛病。生山谷。一名牡蒙。,珍珠菜之地下茎谓之紫参，多产于深山溪涧之旁，色紫黑。,紫参为破血通经要药，功能治心腹寒热积聚，产后恶露不行。,味苦，性寒，无毒。,普通一钱至三钱。,"畏辛夷。

> 紫参是寒药，对症的是热症，寒症就别用了。","疗肠胃大热，唾血衄血，肠中聚血，廱肿诸疮，止渴益精。

> 破血通经的药。别录讲到紫参可以治疗胃肠大热，破血，吐血。包括咳逆，肺部有淤血也可以用。",,,"治心腹坚胀，散瘀血，治妇人血闭不通。

> 甄权说心腹坚胀，眩晕，妇人月经不来都能用紫参。",主狂疟温疟，鼽血，汗出，治血痢。,,,,,,,,,别录,甄权,好古,,,,,,,184.紫参.md
槀本,一名地新。味辛，温，无毒。治妇人疝瘕，阴中寒肿痛，腹中急，除风头痛，长肌肤，悦颜色。生山谷。名鬼卿。,野生草本。,"鬼卿为祛风寒镇痛要药，治大寒犯脑头痛齿亦痛，女人阴寒肿痛，体肤风湿。

> 治疗各种痛。头痛、牙痛、女人阴部痛。","味苦辛，性温。

> 苦辛药。苦味能泻，辛味能散，所以能祛风，祛风寒，镇痛。",普通一钱至三钱。,热病头痛，血虚头痛，均忌服。,,,,头面身体皮肤风湿。,"治皮肤疵皯，酒皻，粉刺，癫疾。

> 多用在面部。比如脸上有斑，酒槽鼻都可以用。",治太阳头痛，巅顶痛，大寒犯脑，痛连齿颊。,"头屑干洗—槀本，白芷等份共末，夜擦旦梳，垢自去。

> 去头屑。可以白芷+藁本混在一起用，去头屑，这是经验方，大家可以试试。",,,,,,,别录,东垣,大明,元素,附方,,,,,185.槀本.md
石苇,味苦，平，无毒。治劳热邪气，五癃，闭不通，利小便水道。生山谷石上。,产我国山西安徽福建等地，多生山中石上及阴湿之地，他处亦多有之，叶入药。,石苇为利尿治淋要药，主清肺火以滋源，通膀胱以利水，益精气，治淋闭。,味甘，（或作苦），性寒，（或作平），无毒。,普通一至二钱。,制丹砂矾石，得菖蒲滑石射干良。,止烦下气，通膀胱满，补五劳，安五脏，去恶风，益精。,,,治淋沥遗溺。,炒末冷酒调服，治发背。,,,,,,,,,别录,日华,苏颂,,,,,,,186.石苇.md
萆薢,味苦，平，无毒。治腰背痛，强骨节，风寒湿周痹，恶疮不瘳，热气。生山谷。,处处有之。,"入足阳明厥阴，祛风去湿，以固下焦，补肝虚，坚筋骨，益睛明目。恶疮梅毒及淋浊。

> 用于治疗梅毒的药。本文讲的萆薢是一个治疗没毒的药，还有土茯苓也会用到。","甘苦性平。功能除浊分清。

> 苦味能坚，可以治疗腰背痛，全身关节痛。",有黄白二种，黄长硬，白虚软，软者佳。一般用四至五钱，大剂量用一两。,下焦有寒之人忌用。阴虚内热者禁服。,"阴痿失溺，老人五缓，关节老血。

> 啥叫老人五缓？五是个虚词，就是老人动作缓慢了，走路、坐下、站起来、讲话都很慢。

> 为啥萆薢是白色的要可以治疗肝病？它的颜色是白中有一点点黄，就是金多土少，金可以制木，就如同砍树要用斧头一样，肝脏里面脏东西太多，就相当于树太密了，需要剪枝，所以要靠这些色白入肺属金的药来疏肝。",,,主治风寒湿痹。腰痛久冷，关节老血。膀胱宿水，阴痿，茎痛，遗浊，痔瘘，恶疮。,"冷气节痹，腰脚瘫缓不遂，手足惊挚，男子腰痛，久冷，膀胱宿水。

> 治疗脚无力。脚无力就是肾虚，补肾的药，除了本药，巴戟天、肉苁蓉也可以，硫磺力量更强，吃一钱硫磺，相当于吃十根肉苁蓉，草木类的药跟金石类的比还是不够彪悍。",,,,,,,,,别录,本草,甄权,,,,,,,187.萆薢.md
白薇,味苦，平，无毒。治暴中风，身热，肢满，忽忽不知人。狂惑，邪气，寒热，酸疼，温疟洒洒、发作有时。生平原、川谷。,产陕西及关外，生平原川谷间，茎叶俱青，根黄白色入药。,"白薇为凉血退热要药，功能清虚火，除胃热，主治身热肢满，风温灼热，汗出热不退，妇人身热，伤中淋露。

> 啥叫凉血的药？血太热的时候，血会一直往上冲，冲到脸都是红的，西医叫血压高，中医叫血热，这时候就需要凉血的药。

> 是否高血压都用白薇呢？不是，有的人脸不红也高血压啊，所以血热跟高血压不完全是一回事，在此只针对脸胀得又红又热的那种症状来用。","味苦咸，性平，无毒。阳明冲任之药。

> 特别注明是阳明、冲脉、任脉的药。我们学了快200个药，很少有特别注明是哪条经脉的药，所以白薇的这个特点要有印象。",普通一钱至二钱。,恶大黄，大戟，山茱，姜枣。,疗伤中淋露，下水气，利阴气，益精。,,,治惊邪风狂痣病，百邪鬼魅。,"主治中风，身热支满，忽忽不知人，血虚，热淋，温疟，洗洗寒热酸痛。妇人伤中淋露，产虚烦呕。

> 中风不知人。这就说血热的人都晕过去神志不清了，开始不认识人了，这时候赶紧凉血，用白薇可以，十宣放血+针涌泉穴也可以，",,,,,,,,,别录,弘景,本草,,,,,,,188.白薇.md
水萍,味辛，寒，无毒．治暴热身痒，下水气，胜酒，长须发，止消渴。久服轻身。生池泽水上．一名水花或浮萍。,处处有之，浮生于河泽水面．无根，叶大而面青背紫者谓之浮萍，有须根数条。,"水萍为解热，发汗，利水，祛湿药。能消皮肤肿痒，治水肿，风疹，丹毒，小便不利，目赤翳膜，外治敷疮肿。

> 浮萍为啥利水？还是以意得知，浮萍浮在水面，它根的吸水性很强，所以排水的力量就很强，又是性寒的药，所以能解热、发汗、利水。

> 浮萍发汗不可跟麻黄桂枝比。它能发一点点汗，发微汗可以用它，所以对浮在皮肤的风疹效果好。",水萍味辛，性寒，无毒。,"普通八分至二钱。

> 浮萍很轻的，开一钱就一大堆。","发汗力猛，证非大实大热者，不可轻用，表虚自汗者尤忌。

> 倪老师说单味浮萍发不了汗，要组合的。",主风湿，麻痹，脚气，打扑损伤，目赤翳膜，口舌生疮，衄血。,,,捣汁服，主水肿，利小便。,治热毒，风热，热狂，熁肿毒，汤火伤，风疹。,"下气，以沐浴生毛发。

> 刘元素说用浮萍洗头能生头发，那你洗头就好，别洗澡。","其性清浮，治在肌表。

> 浮萍之浮‍‍‍。因为浮萍是浮在水面，所以它的疗效在肌肤表面是最好的。","水气洪肿——小便不利者，浮萍日干为未，每服方寸匕，日二。

身上虚痒——浮萍末一钱，以黄芩一钱，用四物汤煎汤调下。",,,,,,别录,藏器,大明,元素,灵胎,附方,,,,189.水萍.md
王瓜,味苦，寒，无毒．治消渴，内痹，瘀血，月闭，寒热，酸疼。益气，愈聋。生平泽田野及人家垣墙间．一名土瓜。,产山东平泽田野，各地亦存栽种，多蔓生墙垣问，根及子入药。,"王瓜根主泻热，利水，行血，益气，治天行热疾，消渴，痞满，热结，黄疸变黑，妇女经闭。

> 土瓜用在闭经。这个药很苦，用的剂量大病人会呕吐。还要注意治疗闭经是正常女性不来月经的时候用，倘若是自然的闭经就不要用。土瓜之所以能治疗闭经，是因为它行血的力量很强，用在淤血导致的闭经疗效好。",味苦，性寒，无毒。（或作小毒）。,普通一至二钱。,"能使人吐下，不宜多服。

> 禁忌就是吃多了会吐会下痢，所以月经来了就不要吃了。","疗诸邪气，热结鼠瘘，散痈肿流血，妇人带下，下乳汁不通，止小便数不禁，逐四肢骨节中水，治马谷刺人疮。

> 下乳汁不通。就是乳汁下不来，月经也不来，土瓜根下去活血化瘀，奶水往下走，月经就来了。",,,"天行热疾，酒黄病，壮热心烦闷，热劳，排脓，消扑损瘀血，破症癖，落胎。

> 破症癖，落胎。还是用其活血化瘀的特性，可以治疗子宫肌瘤，卵巢囊肿，也可以落胎。",,,,,,,,,,别录,大明,,,,,,,,190.王瓜.md
地榆,味苦，微寒，无毒。治妇人乳痉痛、七伤、带下十二病，止痛，除恶肉，止汗气。消酒，明目，治金疮。生山谷。,生山间向阳之地，今处处平原川泽亦有之，根直而柔，入药。,"地榆为止血收敛要药，功能止吐血下血久痢，妇人崩带。

> 地榆止血。最常用的就是痔疮的出血，还有嘴巴里面出血，肝硬化之后门静脉破裂出血，胃癌出血。

> 注：大便出血，如果是鲜血那是近血，痔疮产生的血，如果是黑血，要注意可能是胃出血所致。",味苦【或作苦甘酸】，性微寒，无毒。,普通二钱至三至四钱。,性寒下行，脾胃虚寒作泄，白痢久而胃弱，胎产虚寒泄泻，血崩脾虚作泄，均忌，恶麦冬，丹砂，硫黄，雄黄。,止脓血诸瘘恶疮热疮．补绝伤，产后内塞，可作金疮膏，消酒除渴，明目。,,,止冷热痢，疳痢极效。,止吐血鼻衄，伤风，月经不止，血崩，产前后诸血疾，并水泻。,地榆首之气味厚，故行血更有力，尾之药味薄，故行血之力轻。,,,,,,,,别录,开宝,大明,容川,,,,,,191.地榆.md
海藻,味苦，寒，无毒．治瘿瘤气，颈下核，破散结气，痈肿，症瘕，坚气，腹中上下鸣，下十二水肿。生东海池泽。一名落首。,产海岛中，为藻类之产于海中者，种类颇多，入药用马尾藻。,"海藻为除热软坚要药，主瘿瘤瘰疬，治瘫肿老痰，通血脉，利小便。

> 海藻和昆布‍‍。这俩都是海里的，都是咸味，都能软坚，功效差不多，如果用昆布就不必再加海藻，用海藻就不必再加昆布。","味咸，性寒，无毒。

> 性寒，寒症不用，热症可用。","普通一钱至三钱。

> 三钱就比较多了，海藻很咸，用的多想吐。",脾家有湿者忌。,疗皮间积聚，暴溃瘤气，结热，利小便。,,,"辟百邪鬼魅，治气急心下满，疝气下坠，疼痛卵肿，去腹中幽幽作声。

> 去腹中幽幽作声。这个含义倪老师解释的很隐晦，大概是说海藻可以收敛欲望，绝对不是壮阳的。所以欲望躁动难抑可以吃点海藻，帮助稳定情绪。

> 消积的药。汉唐九十号消积丸就有海藻，有人因为甲亢变得肥胖水肿，最适合吃海藻。海藻能软坚，能利水，身上累积的东西全部消除掉，所以令人瘦。",海藻昆布皆生于水中，味微咸，又具草之质，是禀水木二气而生，故能清火润肝。,,,,,,,,,别录,甄权,容川,,,,,,,192.海藻.md
泽兰,一名龙枣。味苦，微温，无毒。治乳妇衄血，中风余疾，大腹水肿，身面四肢浮肿，骨节中水，金疮，痈肿疮脓。生诸大泽旁。一名虎兰。,生于溪涧或湿地，叶类薄荷，根紫黑色，叶与子根（地笋）皆入药。,"泽兰为女科要药，功能行血消水，主养血气，破宿瘀，消症瘕痈肿，胎前产后诸病。

> 泽兰多用在妇科。因为它能活血，行血，消水，排水，女人有腹部水肿，四肢水肿，关节水肿，但凡你看到一个女人很胖，身上有水肿，都可以用泽兰。女子产前的水肿也可用。","味苦甘，性微温，无毒。

> 积水多是寒症，泽兰性温可以温水的，令水汽化，进而利水；",普通一钱至三钱。,破血通积，大虚不宜。,,,,产后腹痛，频产血气衰冷，成劳瘦羸，妇人血沥腰痛。,"胎前产后百病，通九窍，利关节，养血气破宿血，消症瘕，通小肠，长肌肉，消扑损瘀血，治鼻血吐血，头风目痛，妇人劳瘦，丈夫面黄。

> 妇人劳瘦，丈夫面黄。就是又黄又瘦都可以用。一般有积水的黄疸会用泽兰。","清湿热，治水肿。

> 徐灵胎也说泽兰利水，是利尿剂。",,,,,,,,别录,甄权,大明,灵胎,,,,,,193.泽兰.md
防己,味辛，平，无毒．治风寒，温疟，热气，诸痫，除邪，利大小便，通腠理，利九窍。生川谷。一名解离。,"产我国四川陕西及贵州，有汉防己及木防己两种根俱入药。

> 这里讲防己分汉防己和木防己，我们用的是木防己。

> 小编：倪师弟子李宗恩直播中说过，倪师用的是粉防己。","防己为通膀胱利小便要药，主行全身祛风行水，泻下焦血分湿热，治水肿，淋病，散痈肿恶结。

> 治疗水肿、淋病。因为防己可以行水，可以泻下焦的湿热，所以可以治疗水肿，淋病。","味辛苦，性寒，无毒。

> 寒性药用于热症，比如急性黄疸，小便刺痛等。",普通一至二钱。,凡肾虚阴虚，自汗盗汗，口舌苦干，肾虚小便不利，及产前后血虚，虽有下焦湿热，均忌。,疗水肿风肿，去膀胱热，伤寒热邪气，中风手脚挛急，通腠理，利九窍，止泄，散痈肿恶结，诸瘑疥癣虫疮。,,,治湿风，口面歪斜，手足拘痛，散留痰肺气喘嗽。木防己主治男子肢节中风，毒风不语，散结气痈肿温疟，风水肿，去膀胱热。,"能去湿热，属苦降之品，其形中空，纹如车轮，能外行腠理，内行三焦，能通水气。味似龙胆，能利水行。

> 为何防己能内行三焦，通利水汽？唐容川说防己是苦味，所以能泻火，长得中间空，纹路像车轮一样，所以能外行腠理，内行三焦，通利水汽。","治中下湿热肿泄脚气，行十二经。

> 防己治水。刘元素说防己可以泻中下焦的湿热，行十二经，几乎全身的水肿都能用。","主治水也。

> 药征也说防己治水，目前学过很多利水的药，讲经方的时候会详细分别它们使用的时机，大家不要着急。

> 举例胃口太大减肥的组方思路。胃口太大，就是热症，用石膏去热，3钱量太小，3两下去胃就缩小了，很快就没胃口了；还可以加点知母，也是去热的；

> 然后加点防己，把三焦油网里面的水排一排，因为不吃东西之后身上会积水呀，再用点茯苓，是甘淡渗利的药，把水渗出来，泽泻可以利全身的水，也加一点；

> 上面的药下去食欲没了，还会频繁去小便，如果病人还有便秘的话，再加点大黄，如果说便秘不严重，比较轻微，那就加点麻子仁润肠就可；‍‍‍‍‍‍‍

> 如果说病人睡觉还不太好，受过惊吓，常常做噩梦，那再加点酸枣仁，酸味收敛他的心神。

> 以上就是组方的思路，大家领悟了么？",,,,,,,别录,甄权,容川,元素,药征,,,,,194.防己.md
款冬花,一名颗东。一名虎须。一名菟奚。味辛，温，无毒。治咳逆上气，善喘，喉痹，诸惊痫，寒热邪气。生山谷及水傍，一名橐吾。,产我国陕西山河西北诸地，为山野多年生草，庭园亦可栽植，百草中惟此不顾冰雪，至冬即生芽而花，故名。,款冬花为润肺祛痰止嗽要药，主治咳逆上气，肺痿肺痈，寒热邪气。,"味辛甘，性温，无毒。

> 温性的药治疗寒咳。所以治疗寒性的咳嗽是最好的。寒咳通常一躺下就咳，也不渴，喉咙里常常有水声。",普通钱半至三钱。,"咳逆消渴喘急，皆火炎气逆之病，款冬隆冬独秀，辛散而润，甘缓而和，故虚实寒热皆可用，无禁忌。

> 虚实寒热都能用，没啥禁忌。",消渴，喘息呼吸。,,,疗肺气心促，急热劳咳，连连不绝，涕唾稠粘，肺痿肺痈吐脓血。,润心肺，益五脏，除烦消痰，洗肝明目，及中风等疾。,"此药生于冬月冰雪之中，而花又在根下，乃坎中之阳象，故能引肺中阳气下行，而为利痰止咳之要药。

> 冬花和磁石。唐容川讲冬花可以引肺气下行，所以利痰止咳，金石药里面的磁石也是可以引肺气下行的，肾病、气喘、咳嗽，就可用磁石。",,,,,,,,别录,甄权,大明,容川,,,,,,195.款冬花.md
牡丹,一名鼠姑。味辛，寒，无毒。治寒热，中风，瘛瘲，痉，惊痫，邪气，除症坚，瘀血留舍肠胃，安五脏，疗痈疮。生山谷，一名鹿韭，今名丹皮。,牡丹处处皆有，庭院亦多种植之，花开美丽而大，为群花之王，色有红白紫等。其根部之皮入药。,"丹皮为理血要药，功能清伏火，凉血热，通月经，排瘀血。主治胎前产后，冷热气血之病，为女科良剂。

> 血症可以用丹皮。丹皮可以理血，女子月经痛可以用丹皮活血化瘀。之前还讲过白芍、杜仲、当归、川穹都是妇科常用药。",味辛苦，性微寒（或作性温），无毒。,普通一钱至三钱。,入血凉血能行血，凡女子血崩，及经血过期不尽，均忌与行血药同用。忌蒜及芫荽铁器。,除时气头痛客热，五劳劳气，腰痛，风噤癫疾。,,,治冷气，散诸痛，女子经脉不通，血沥腰痛。,"通关腠血脉，排脓，消扑损瘀血，续筋骨，除风痹，治胎下胞，产后一切冷热血气。

> 治胎下胞。就是有的产妇生完孩子胎盘出不来，可以用丹皮。",治神智不足无汗之谷蒸，衄血吐血。,"其色味如红花，而根性主下达，与花不同，故主内及泄中下焦之血。气属阳，血属阴，瘀血阻气，则阳不入阴，蒸热汗出，宜破其血，使气得入于血中，则不壅热，丹皮主之。气通则热不蒸，此为治热之变法也。色赤味苦，泻火，即能泻血。

> 久病必有瘀，活血化瘀。这是唐容川的治病原则，一般重症癌症肿瘤之类，都要活血化瘀。牡丹根入药，根性向下，所以可泄中下焦的血，把淤血排掉，气血就顺畅了。倪老师说他用丹皮用的很多。",疏肝气，通经脉。,,,,,,别录,甄权,大明,元素,容川,灵胎,,,,196.丹皮.md
马先蒿,味苦，平，无毒。治寒热，鬼疰，中风，湿痹；女子带下病，无子。生川泽，一名马屎蒿。,,,,,,,,,,,,,,,,,,,别录,,,,,,,,,197.马先蒿.md
积雪草,味苦，寒，无毒。治大热，恶疮，痈疽，浸淫，赤熛，皮肤赤，身热。生川谷。,,,,,,,,,,,,,,,,,,,别录,,,,,,,,,198.积雪草.md
女菀,味辛，温，无毒。治风寒洒洒，霍乱，泻利，肠鸣上下无常处，惊痫，寒热，百疾。生川谷或山阳。,,,,,,,,,,,,,,,,,,,别录,,,,,,,,,199.女菀.md
王孙,味苦，平，无毒。治五脏邪气，寒湿痹，四肢疼酸，膝冷痛。生川谷及城郭垣下。吴名白功草。楚名王孙，齐名长孙。,,,,,,,,,,,,,,,,,,,别录,,,,,,,,,200.王孙.md
蜀羊泉,味苦，微寒，无毒。治头秃，恶疮，热气，疥瘙，痂廯虫，龋齿。生川谷，又名羊泉。全草可用。,处处有之。,为杀虫灭菌药，治疗疥廯，白秃，漆疮及蛀齿。,味苦，性寒，,一般二至四钱。,多外用，少内服。,女子阴中内伤。皮间积实。,,,主小儿惊，生毛发，捣涂漆疮。,,,,,,,,,,别录,苏敬,,,,,,,,201.蜀羊泉.md
爵床,味咸，寒，无毒。治腰脊病不得着床，俛仰艰难。除热，可做浴汤。生川谷及田野。又名香苏。,处处有之。,"散瘀血，镇痛药，治腰痛及杖疮。

> 杖疮指的是过去用军棍打的伤，也可用爵床。",味咸性寒。,,,,,,疗血胀下气，治杖疮捣汁涂之。,,,,,,,,,,别录,苏敬,,,,,,,,202.爵床.md
假苏,味辛，温，无毒。治寒热，鼠，瘰疬生疮，破结聚气，下瘀血，除湿痹。生川泽。一名鼠蓂。又名荆芥。,多生野地，处处有之，气味芳香，茎与叶皆入药。,"荆芥为发表要药，功能祛风理血，发汗退热。主治寒热头疼诸风疮毒。亦为妇人胎前产后良剂。

> 主治就是发表，祛风理血，发汗退热。","味辛，性温，无毒。

> 辛温药发表。如果说麻黄桂枝都没得用，那也可以用荆芥来发表。",普通八分至二钱。,"凡表虚有汗，血虚寒热，阴虚火炎面赤，因而头痛者均忌。

> 盗汗虚汗不要用。禁忌就是这药发表，如果病人已经在盗汗、虚汗，那就不要再用了，你再发表，就会加速流汗。",,,,"去邪除劳渴，冷风出汗，煮汁服之，捣烂醋和，敷疔肿毒。

> 治疗疥疮。把荆芥捣碎跟醋混合，可以治疗疥疮。那如果找不到荆芥，把菊花捣碎外敷行不行呀，也可。",单用治恶风贼风，口面歪斜，遍身瘰痹，心虚忘事，益力添精，辟邪毒气，通利血脉，传送五脏不足气，助脾胃。,主血劳，风气壅满，背脊疼痛，虚汗，理丈夫脚气，筋骨烦痛，及阴阳毒，伤寒头痛，头旋目眩，手足筋急。,利五脏，消食下气醒酒，作菜生熟皆可食，并煎茶饮之，以豉汁煎服，治暴伤寒能发汗。,治妇人血风，及疮疥为要药。,,,,,,别录,藏器,甄权,志良,日华,苏颂,,,,203.假苏.md
翘根,味甘，寒，有小毒。治下热气，益阴精，令人面悦好，明目。久服轻身，耐老。生平泽。,,,,,,,,,,,,,,,,,,,别录,,,,,,,,,204.翘根.md
桑根白皮,味甘，寒，无毒。治伤中，五劳，六极，羸瘦，崩中，脉绝，补虚益气。叶，主除寒热，出汗。桑耳，平。黑者。治女子漏下赤白汁，血病，症瘕积聚，阴痛，阴阳寒热，无子。（王不留行散）,"处处有之，其根皮入药。

> 就是桑树的根，到处都有。","桑白皮为泻肺火行水道要药，主肺气喘满伤中，益气，开胃，消痰，解渴，治咳嗽吐血，去肺中水气，水肿腹满。

> 桑白皮泻肺火，行水道。白色的药一定入肺，辛甘发散的药可以散肺里面的积水。","味甘辛，性寒，无毒。

> 味道甘辛，甜味里面有点辣。辛甘发散为阳药，酸苦涌泄为阴药。",普通一钱至三钱。,肺虚无火，因风寒而嗽者均忌。,"去肺中水气，唾血，热渴，水肿腹满胪胀，利水道，去寸白，可以缝金疮。

> 别录也说可以去除肺中水气，水肿腹满都可用。",,,治肺气喘满，虚劳客热，头痛，内补不足。,调中下气，消痰止渴，开胃下食，杀腹脏虫，止霍乱吐泻，研汁治小儿天吊惊痫客忤。及敷鹅口疮，大验。,,,,,,,,,别录,甄权,大明,,,,,,,205.桑根白皮.md
竹叶,味苦，平，无毒。治咳逆上气，溢筋急，恶疡，杀小虫。根，作汤，益气，止渴，补虚，下气。汁，治风痉。实，通神明，轻身，益气。,为暖地山中之常绿苞木。,"竹叶为解热，祛痰，止渴，镇静药，止消喝，热狂烦闷及小儿警痫。压丹石毒。

> 临床用的最多是糖尿病。竹叶可以解热，祛痰，止渴，镇静，临床用的最多的是糖尿病，口渴就开竹叶，此外升津液的天花粉、瓜蒌根、葛根可以开点，水上来了气还不够再开升麻，这样方子就组好了。",味辛平，性寒。,五钱至一两。,"寒症忌用。

> 竹叶是寒药，所以寒症就不要用了。

> 寒药也有区分。这在讲处方的时候就容易区分了，比如张仲景有时候用黄芩黄连不用竹叶，但在妇科的时候就会用竹叶，不用黄芩黄连。",治胸中痰热，咳逆上气。,,,治吐血，热毒风，止消渴，压丹石毒。,"消痰，治狂热烦闷，中风失音不语，壮热，头风，头痛，止惊悸，温痔烦闷，妊妇头旋倒地，小儿惊痫天吊。

> 治疗孕妇的热。竹叶是去热的药，尤其是痰热，孕妇怀孕期间狂热烦闷，就可用竹叶。","因叶在四旁，则主四散，故能清肌中之热，竹茹象人之筋脉，则清脉络之热以和血，秉天水之寒气，故治一切热。

> 竹叶主四散。唐容川说竹叶主四散，所以它能把肌肉里面的热消散掉。

> 竹茹象筋脉。竹茹像人的筋脉，所以能清络脉里的热。",,,,,,,,别录,甄权,大明,容川,,,,,,206.竹叶.md
吴茱萸,味辛，温，有小毒。主温中，下气，止痛，咳逆，寒热，除湿，血痹，逐风邪，开腠理。根，温，杀三虫。久服轻身。生川谷。一名藙。,处处有之，或曰，吴地最良，故名，其子紧小，气味芳烈。,"吴茱萸为下气开郁，除风寒湿要药，主温中逐寒，驱风散热，止痛疗痹，治心腹冷痛，下焦冷气，中寒中恶，呕吐泻利，亦杀虫，治口舌生疮。

> 小结。吴茱萸下气，开郁，除风寒湿；‍吴茱萸温中驱寒，所以能驱风散热；治疗心腹冷痛；呕吐泻痢；杀虫；","味辛，性温，有小毒。

> 吴茱萸有小毒。正因如此，南派的大夫看到有毒就不敢用，可是西药个个都是毒药，也没人在乎。","普通三分至钱半。

> 关于药的剂量。遇到胃癌，会重用，有的会用到三钱，不用重剂，胃癌的呕吐止不住。当药对症的时候大家一定要对药有信心，下去一钱不见效，二钱不见效，那就是剂量不够，加到三钱就见效了。此外，也要确保药的品质是好的，所以中医要自己有药房，自己管药房。一般胃下垂一钱下去会见效，一钱没管用加到二钱三钱还不行，八成就是胃癌或者胰腺癌了，你从药的剂量上也能判断病的深浅。","多食伤神，令人起伏气，咽喉不通，动火昏目发疮，恶丹参硝石白垩，畏紫石英，凡一切阴虚之证，及五脏六腑有热无寒之人，均忌用吴茱萸。

> 阴虚的人，脏腑里没寒的人，忌用吴茱萸。",利五脏，去痰冷逆气，饮食不消，心腹诸冷绞痛，中恶心腹痛。,,,"霍乱转筋，胃冷吐泻，腹痛，产后心痛，治遍身瘰痹刺痛。腰脚软弱，利大肠壅气，肠风痔疾，杀三虫。

> 甄权讲到吴茱萸治疗胃冷吐泻，说明从唐朝开始就这么用了。","下产后余血，治肾气脚气，水肿，通关节，起阳健脾。

> 大明说可以治疗水肿，通关节，健脾。","味辛气烈，去湿极速。

> 唐容川说吴茱萸味道很烈，所以祛湿的速度很快。","治痞满塞胸，咽膈不通，润肝燥脾。

> 好古说治疗痞满塞胸，这是胃满不消化导致的，并不是心脏病，吴茱萸也可以润肝燥脾，吴茱萸是燥药，脾太湿可以用吴茱萸。

> 如何判断湿很盛？伸出舌头舌苔粘液很厚，肚子很胖，积水很多，都是湿盛的表现。

> 吃两勺汤药治了胃病的案例。倪老师说有个爸爸喝的药里有吴茱萸，觉得很苦，女儿就帮他尝一尝，尝完说不苦啊，结果尝完女儿的慢性胃病就好了，就两勺啊，病好了，说明对症了，也说明吴茱萸治疗胃病见效之快。

> 中药一剂知，二剂已。这种疗效一般在表症的时候很常见，比如感冒，速度很快，一旦变成阴实症治起来就慢了。","主治呕而胸满。

> 药征说的呕而胸满，就是寒性的呕吐。","驱肝风，逐肺寒。

> 徐灵胎说能够驱赶风，逐肺寒，治疗肝病会用到吴茱萸，吴茱萸辛辣入肺，润肺之后就可以疏肝。","吴茱萸辛而带苦，子性又主下降，故主降水饮，行滞气。专治肝寒之吐逆，此药虽不上头，然可以降肝胃之寒，使不上冲入头，故仲景用之治头痛如破，此为治脏腑而经脉自治也。

> 子类药主下降。任何的籽类药都主下降，所以吴茱萸可以降水饮，行滞气，专治肝寒的吐逆，胰脏癌、肝癌、肝硬化都会用到吴茱萸。

> 吴茱萸治疗头痛。也是用到下降之性，降肝胃之寒，使不上冲入头，就是治疗寒气往上冲造成的头痛。

> 吴茱萸+干姜。这俩常常一起用，吴茱萸和干姜都主发散，都是热药，吴茱萸入肝，干姜入胃，这俩下去中焦的寒就去掉了，此外中药凡是有一点点毒的都放点姜，可以解毒，比如用半夏也会放点姜。

> 中药里总是配对的回顾。本篇讲吴茱萸+干姜，之前还有辛夷+苍术，桂枝+白芍等。

> 孕妇呕吐伤了津液。倪老师举例，有俩孕妇都是六七月了，白人孕妇吐的不行去找西医做胃经不小心把胰脏刮破，开刀导致流产，中国人来找中医，倪老师认为呕吐就是伤了津液，先下人参补补津液，加点干姜止吐，这是温中止吐，因为孕妇的呕吐根不在肝，而是羊水往上冲导致的，再加点半夏，三味药，人参半夏干姜汤，治好了。",,,,别录,甄权,大明,容川,好古,药征,灵胎,容川,,207.吴茱萸.md
栀子,味苦，寒，无毒。治五内邪气，胃中热气，面赤，酒疱皶鼻，白癞，赤癞，疮疡。生川谷。一名木丹。,处处有之，我国南方及四川尤多产，实又名卮子盖象卮形也。,"栀子为泻火要药，主五内邪气时热，心烦懊憹，泻三焦火，清胃脕血，治五种黄病，通小便，解消渴。

> 栀子主治总结。1.心烦，三焦火旺；2.清胃里的血；3.治五种黄病，发黄、小便黄，肝病发黄等；","味苦，性寒，无毒。

> 很苦。",普通一钱至三钱。,凡脾胃虚弱，血虚发热，心肺无邪热，小便闭由膀胱气虚，均忌。,"疗目赤热疮，胸心大小肠大热，心中烦闷。

> 治疗眼睛红赤，热疮。",,,"去热毒风，除时疾热，解五种黄病，利五淋，通小便，解消渴，明目，主中恶，杀蟅虫毒。

> 啥叫【杀蟅虫】？蟅虫是一种中药，后面会介绍，栀子可以解其毒性。","治心烦懊憹不得眠，脐下血滞而小便不利。

> 治疗热症的失眠。刘元素说的治疗心烦懊憹不得眠，就是热症导致的失眠。",泻三焦火，清胃脕血，治热厥心痛，解热郁，行结气。,"栀子味苦象心包。故能泻心包之火。性苦寒，有皮膈，象心包，内之子赤，正属心之色，其花色白，当属肺金，结子成赤，当属心火，是为从肺入心，正治心中烦热之药。心为君主之官，肺为相傅之官，以制节心火之太过，栀子花白子赤，正是以肺金而归制心火也，故仲景治心中懊憹必用栀子豆豉汤。

> 栀子为啥能泻心包的火？按照唐容川说，栀子长得像心包，又性苦寒，所以能泻心包的火，心包和三焦互为表里，所以也可以泄三焦的火。多用于虚热除烦，睡不着。

> 栀子豆豉汤。心脏不断搏动产生的热往上走，肺是相傅之官，它来压制心脏往上走的热，用一种向下的力量把热导入小肠，心肺关系良好的时候就是这么互相作用的，当肺部津液不够的时候，心火太盛往上走控制不住了，这时候就会心烦，需要用肺金来制心火，张仲景的【栀子豆豉汤】就用到上述原理。如果病人大病初愈，啥都恢复正常，就是晚上睡不着，那就可以用栀子豆豉汤。",主治心烦也，旁治发黄。,清胃热，泻肺火。,,,,,别录,甄权,元素,丹溪,容川,药征,灵胎,,,208.栀子.md
芜荑,味辛，平，无毒。治五内邪气，散皮肤骨节中淫淫行毒，去三虫，化食，逐寸白，散腹中嗢嗢喘息。生川谷，一名芜菇。,,,,,,,,,,,,,,,,,,,别录,,,,,,,,,209.芜荑.md
枳实,味苦，寒，无毒。治大风在皮肤中，如麻豆苦痒，除寒热结，止利，长肌肉，利五脏，益气轻身。生川泽。,"产陕西河南等地，周礼有云，橘逾淮而为枳，即此是也，其实成熟时，早采者为枳实，皮厚而中坚；晚采者为枳壳，皮薄而中虚，皆入药。

> 枳实和枳壳‍。桔子树淮河以北叫枳，淮河以南叫桔子。刚成熟还是绿色的时候就采下来的叫枳实，晚一点采下来叫枳壳，二者都能入药。","枳实为破气行痰要药，主破结实，消胀满，治胸胁痰癖，心下痞痛，消食散血，去胃中湿热。

> 枳实治疗胸痞‍。枳实长得就像心脏一样，所以治疗心脏病会用到，比如胸痞，胸闷等。

> 枳实是破气行痰要药。可以破结实，消胀满，治疗胸胁痰痹，很多心脏病病人，胸部、喉咙里都是有痰的，所以遇到病人胸满、胸闷多用枳实，它能破气行痰。

> 心和小肠相表里。枳实能去掉胸腔里的痰，心脏功能恢复后，心气就会往下走进入小肠，小肠的蠕动就会恢复，后面经方里介绍大承气汤，小承气汤就是用到这个原理。",味苦，性寒，无毒。,普通八分至二钱。,肺气虚弱，脾胃虚，中气不运，而痰壅喘急，咳嗽不因风寒入肺气壅，及咳嗽阴虚火炎，与一概胎前产后，均忌。,除胸胁痰癖。逐停水，破结实，消胀满，心下急痞痛逆气，胁风痛，安胃气，止溏泄，明目。,,,解伤寒结胸，主上气喘咳，肾内伤冷，阴痿而有气加而用之。,消食，散败血，破积坚，去胃中湿热。,主治结实之毒，旁治胸满胸痹，腹满腹痛。,枳壳为木实，有木之质，木能疏土，故归脾胃，其味比厚朴轻，故理胃气。,,,,,,,别录,甄权,元素,药征,容川,,,,,210.枳实.md
厚朴,味苦，温，无毒。治中风，伤寒，头痛，寒热，惊悸气，血痹，死肌，去三虫。生山谷。,产我国四川河南陕西湖南等地，树皮入药，以厚肉者为良。,"厚朴为下实散满，袪湿健胃要药，主温中益气，消痰下气，气血痹，湿霍乱，治中风伤寒头痛，反胃，冷痛，腹满喘咳，杀肠中虫。

> 厚朴入脾。厚朴的味道比较重，所以能入臓，入脾，健脾，倘若味道比较轻，那可以入腑。

> 厚朴入大肠，枳实入小肠。大家看厚朴的样子，一卷一卷，就像大肠一样，所以它能入大肠。

> 如何下气——大小承气汤的原理。主治里提到的【下实散满】就是说下焦是实的，大肠小肠被堵到了，气下不去，用厚朴，它味道很重，能下气，大肠的濡动就会恢复，再配合枳实下去，小肠的濡动恢复，再加大黄，把小肠的实去掉，加芒硝是因为它能够攻坚，倘若大便很硬，大黄对它没办法，那就加点芒硝，可以把很硬的大便打散，【厚朴 枳实 大黄 芒硝】大承气汤就是这么来的，如果只是小肠被堵到，大肠里面正常，那你就不要放芒硝，就是小承气汤。

> 如何知道只是小肠被堵，大肠没有——大小承气汤的区别‍‍‍。很简单，问患者是否放屁，屁很多就是大肠里没东西都是气，那就不加芒硝，没有屁，那就是大肠也被堵到，要加芒硝，这就是大小承气汤的区别。

> 厚朴在大小青龙汤中的妙用。有时候，病人咳嗽，久咳不愈，你用了大小青龙汤其他症状恢复，就是咳嗽不好，这时候加点厚朴下去让大肠濡动一下，让肺气降下来，咳嗽就好了。大家记住：下气上逆的时候，我们会用厚朴来降逆气。

> 肝癌导致肝腹水。这时候，也可用到厚朴降气的功效，来治疗肝腹水导致的肚子肿大，肚子硬，气往上逆。",味苦辛，性温，无毒。,普通七分至二钱。,恶泽泻磁石寒水石，忌豆，性能耗气，凡脾胃虚者忌之，孕妇无故亦忌用。,温中益气，消痰下气，疗霍乱及腹痛胀满，胃中冷逆，胸中呕不止，泄痢淋露，除惊去留热，心烦满，厚肠胃。,,,"治积年冷气，腹内雷鸣虚吼，宿食不消，去结水，破宿血，化水谷，止吐酸水，大温胃气，治冷痛，主妇人虚而尿白。

> 治疗【积年冷气，腹内雷鸣虚吼】。所谓雷鸣虚吼就是肠子里咕噜咕噜的叫，很大声，厚朴可以去结水。","健脾，治反胃霍乱转筋冷热气，泻膀胱及五脏一切气，妇人产前产后腹脏不安，杀肠中虫，明耳目，调关节。

> 再次讲解【逆气】。大家想，大便在大肠里是靠气往肛门推动的，如果气不进则退，那么大便就出不来，这就叫逆气，这时候就要用厚朴。",主肺气胀满，膨而喘咳。,主治胸腹涨满也，旁治腹痛。,"厚朴本皮，味比枳壳更重，故理脾气，故仲景用枳壳治心下满，用厚朴治腹痛，此为此二药轻重之别所在。厚朴行大肠之气，故肺气得泄。仲景治喘有桂枝加厚朴杏仁汤，即因于此。

> 如果治疗便秘只用大黄芒硝，不加厚朴枳实会怎样？那会肚子会很痛啊，气还没通，就来攻坚，病人会很痛。

> 如果是寒实的便秘，怎么办？上述讲便秘主要指的是热症，那如果是寒实的便秘，你还要加点去寒的药。如何区分寒热，看小便颜色，黄为热，白为寒。",,,,,,别录,甄权,大明,好古,药征,容川,,,,211.厚朴.md
秦皮,味苦，微寒，无毒。治风寒湿痹，洒洒寒气，除热，目中青翳，白膜。久服头不白，轻身。生川谷。,产我国陕西河南等地，树皮入药。,秦皮为收敛除热要药，主痢疾带下，男子少精，治风湿痹，目中翳膜，除肝热，补下焦。,味苦，性寒，无毒。,一般二至五钱。,里寒之症不用。,疗男子少精，妇人带下，小儿痫身热，可作洗目汤，久服皮肤光泽肥大有子。,,,"痛风泪不止，作汤浴小儿身热，煎水澄清洗赤目极效。

> 治疗皮肤病。临床上也用秦皮治疗皮肤病或者皮肤发黄。记得用于热症，因为秦皮是寒药。",此药象人之皮，味苦兼降湿热。故仲景用治皮肤发黄之症。,,,,,,,,,别录,甄权,容川,,,,,,,212.秦皮.md
秦椒,味辛，温，有毒。治风邪气，温中，除寒痹，坚齿，长发，明目。久服轻身，好颜色，耐老，增年，通神。生川谷。,椒之一种，产我国陕西甘肃，今处处有之。,"秦椒主温中去寒，除风邪气，治风湿痹，喉痹吐逆，疝瘕老血。

> 秦椒的功效。1.治疗肩背痛，补筋骨；‍2.生毛发；3.皮肤上有斑，或者开刀后皮肤肿起，用秦皮，皮类的药（桑白皮、地骨皮、生姜皮、陈皮、五加皮等）治疗皮肤的问题效果好。

> 更正秦椒治疗伤口。前面讲秦椒说过可以收敛伤口，这里更正，秦椒可以内服，外用的话是僵蚕，收伤口效果好不留疤，秦皮外用是洗眼睛的。","味辛，性温，有毒。

> 辛辣的药，温药，温补的药。",普通五分至钱半。,用椒红，去目，恶栝楼防葵，畏雌黄，闭口者有毒勿用。参看蜀椒条。,疗喉痹，吐逆，疝瘕，去老血，产后余疾，腹痛，出汗，利五脏。,,,治恶风遍身四肢，疗痹，口齿肿胀摇动，女人月闭不通，产后恶血痢，多年痢，疗腹中冷痛，生毛发，灭瘢。,,,,,,,,,,别录,甄权,,,,,,,,213.秦椒.md
山茱萸,味酸，平，无毒。治心下邪气，寒热，温中，逐寒湿痹，去三虫，久服轻身。生山谷。一名蜀枣。,产我国山东河南等地，与吴茱萸甚不相类，树实入药。,"山茱萸为滋阴助阳，养血涩精要药。主逐寒湿痹，安五脏，通九窍，暖腰膝，添精髓，治阳痿遗精，血弱体痛。

> 小孩子遗精单用山茱萸。如果小孩精神体力胃口都很好，就是有遗精的毛病，可以单味用山茱萸，山茱萸就是滋阴养精的。

> 身体虚弱可用‍‍‍。平常血弱、体痛，身体虚弱都可以用山茱萸，它是滋补的药。

> 中医的补泄兼顾原则。如果病人精神体力都很好，我们可以专门攻，可以开攻坚的药，如果病人体力差很虚弱，那就需要补泄兼顾，补药攻坚的药都要开，如果病人纯虚，那攻药全部拿掉，全开滋补药，比如十全大补汤，就是纯虚时候用的。","味酸，{或辛酸}，性平，或作性温，无毒。

> 山茱萸是酸味药。酸味药入肝，温药可以用在寒症，专治阳痿、遗精。",普通一钱至二至三钱。,"命门火燥，强阳不痿者，膀胱热结，不宜用，即用，当与黄柏同功。

> 禁忌就是命门火燥的不能用，阳强不倒的不能用。","肠胃风邪，寒热疝瘕，头风，鼻塞，目黄耳聋，面疱下气，出汗强阴，益精，安五脏，通九窍，止小便利，久服明目强力。

> 别录说山茱萸可以明目强力。",,,"治脑骨痛，疗耳鸣，补肾气，兴阳道，坚阴茎，添精髓，止老人尿不节，治面上疮，能发汗，止月水不定。

> 甄权说山茱萸可以：a治疗脑骨痛；b治疗耳鸣；c补肾气，兴阳道，治疗阳痿；d治疗老人尿不尽；e治疗女人月经不稳定，忽前忽后；","暖腰膝，助水脏，除一切风，逐一切气，破症结。

> 大明说的助水脏就是肾脏。",温肝。,"山茱萸酸而质润，故专入肝，滋养阴血。

> 山茱萸是补肝的药，还能滋补养血，开补肝的药不要少了山茱萸，它酸酸的也很好吃，不像吴茱萸苦的要死，所以遍插茱萸少一人的茱萸应该是山茱萸。",,,,,,,别录,甄权,大明,元素,容川,,,,,214.山茱萸.md
紫葳,味酸，微寒，无毒。治妇人产乳余疾，崩中，症瘕，血闭，寒热，羸瘦，养胎。生西海川谷及山阳。一名芺华，一名陵苕。,产山野，或栽植庭园，亦名凌霄花。,紫葳主行血通经，祛瘀血，治淋沥，清血中伏火。,味酸，性微寒，无毒（或作有毒）。,普通一至二钱。,花不可进鼻闻，伤脑，花上露入目昏蒙。,,,,产后奔血不定，淋沥，主热风风痫，大小便不利，肠中结实。,酒齄热毒风，刺风，妇人血膈游风崩中带下。,,,,,,,,,别录,甄权,大明,,,,,,,215.紫葳.md
猪苓,味甘，平，无毒。治 痎疟，解毒，蛊疰不祥。利水道。久服轻身，耐老。生山谷。一名猳猪屎。,产我国四川及其它省山中，多生枫根下，结成块状。,"猪苓为行水渗湿要药，主肿胀腹满，热渴懊憹，治淋肿，白浊子淋，尿闭，开腠理，泻膀胱。

> 治疗脾湿。脾湿我们前面讲过很多甘淡渗利的药可以用，这里的猪苓也可以用。","味甘，性平，无毒。

> 猪苓性平，不过多用在热症。",普通钱半至三四钱。,"猪苓利水之功多，久服必损肾气，昏人目，元素曰，淡渗大燥，能亡津液，无湿者忌之。

> 禁忌就是猪苓利水，吃太多会伤肾，刘元素说甘淡渗利的药吃太多会大燥，伤津液，没有湿症的人不要随便用。

> 猪苓治疗肾结石、膀胱结石。治肾结石会用到滑石，青盐，因咸味药软坚，也会用到泽泻、茯苓、猪苓，假如石头有点大，怕排出来的时候把尿道伤到，那可以加点阿胶。",,,,解伤寒瘟疫大热，发汗，主肿胀满腹急痛。,治渴除湿，去心中懊憹。,泻膀胱。,"主治渴而小便不利也。

> 药征讲的简洁，治疗口渴+小便不利（双向调节）。",,,,,,,别录,甄权,元素,好古,药征,,,,,216.猪苓.md
白棘,味辛，寒，无毒。治心腹痛，痈肿溃脓，止痛。生川谷。一名棘针,,,,,,,,,,,,,,,,,,,别录,,,,,,,,,217.白棘.md
龙眼,味甘，平，无毒。治五脏邪气，安志，厌食。久服强魂魄，聪明，轻身，不老，通神明。生南海山谷。一名益智。,产我国福建四川广东等地，实形圆，故名。,"龙眼为滋养要药，主益脾长肌，养心安神，治血虚怔忡劳神健忘。

> 龙眼养心安神。用龙眼生姜红糖煮汤喝，可以治疗血虚劳神健忘，加点蜂蜜更好，很适合气血虚气色差的女性。",味甘，性平，无毒。,普通二至三钱。,甘能作胀，凡中满气膈之证均忌。,主五脏邪气，安志厌食，除蛊毒，去三虫。,,,主补血气，养肌肉，益虚气，除健忘，治怔忡，开胃益脾，补虚长智。,,,,,,,,,,别录,括要,,,,,,,,218.龙眼.md
松萝,味苦，平，无毒，治嗔怒，邪气，止虚汗，头风，女子阴寒肿痛。生川谷松树上。一名女萝。一名菘萝。,松树上之地衣植物。,为祛痰，涌吐药，可以吐痰涎，治温疟，项瘿及女子阴寒肿痛。,味苦，性平。,一般二至四钱。,呕家禁用。,疗痰热温疟，可为吐汤，利水道。,,,治寒热，胸中客热痰涎，去头疮，项上瘿瘤，令人得眠。,,,,,,,,,,别录,甄权,,,,,,,,219.松萝.md
卫矛,味苦，寒，无毒。治女子崩中下血，腹满，汗出，除邪，杀鬼毒，蛊疰，生山谷。一名鬼箭。又名神箭。,处处有之。,为调经止痛要药，治女子崩中，产后腹绞痛。,味苦涩，性寒。,一般一钱至三钱。,寒利者禁用。,主中恶腹痛，去白虫，消皮肤风毒肿。令阴中解。,,,破陈血，能落胎。,通月水，破症结，止血崩带下，杀腹臓虫，及产后血绞腹痛。,疗妇人血气大效。,,,,,,,,别录,甄权,大明,苏敬,,,,,,220.卫矛.md
合欢,味甘，平，无毒。主安五脏，和心志，令人欢乐无忧。久服轻身，明目，得所欲。生山谷。一名蠲忿，一名夜合。,"山中有之。皮供药用。

> 这里用到的是合欢皮。",为合血，消肿，止痛药，治筋骨折伤及肺痈吐脓。,"合欢皮味甘，性平。

> 合欢是甘味药，甘味药都有点滋补功能的。",一般二至四钱。,无禁忌。,,,,煎膏消痈肿，续筋骨。,,,,,,,,,,别录,大明,,,,,,,,221.合欢.md
白马茎,味咸，平，无毒，治伤中，脉绝，阴不起，强志，益气，长肌肉，肥健，生子。眼，平。治惊痫，腹满，疟疾。悬蹄，平。治惊邪，瘛瘲，乳难，辟恶气，鬼毒，蛊疰，不祥。生平泽。,,,,,,,,,,,,,,,,,,,别录,,,,,,,,,222.白马茎.md
鹿茸,味甘，温，无毒。治漏下，恶血，寒热，惊痫，益气，强志，生齿，不老。角，温，无毒。治恶疮，痈肿，逐邪恶气，留血在阴中。,鹿产山林中，处处有之，我国西北及东三省为多，其茸及角入药。,鹿茸为大补真阳要药，主养血益阳，强筋健骨，生精充髓，治男子虚劳，老人精衰，腰膝无力，滑精，眩晕，妇人崩瘘带下。,味甘咸，性温，无毒。,普通七分至钱半。,"壮年慎用，阴虚火旺者忌之，麻勃为使，畏大黄，不可嗅，有虫恐入鼻颡，药不能治，男子阴茎近入易于痿弱。

鹿胎—浑然元气所在，归下焦而不上行，为种子益肾补胞宫之要药。

> 这里提到鹿胎大补，可以生小孩，但很不人道，不鼓励用。",疗虚劳洒洒如疟，羸瘦，四肢酸痛，腰脊痛，小便数利，泄经溺血，破瘀血在腹，散石淋，痈肿，骨中热，举疽痒，安胎下气，杀鬼精物，久服耐老，不可近丈夫阴令萎。,,,补男子腰肾虚冷，脚膝无力，夜梦鬼交，精溢自出，女人崩中瘘血，赤白带下，炙末空心酒服方寸匕，壮筋骨。,其宿以头顾尾，能通督脉，督者肾脉，坎中一阳之主脉也，鹿生北方，得坎中一阳之气也，故其督脉极旺，而脊与脑髓极足，因而上发而生角，每年一换，初生为鹿茸，茸之精气极足，为补髓强精壮阳益血之圣药。但其性上行，凡是血逆火逆者不宜用。惟血虚火弱，阳不举，气不上者，乃为合宜。,补阳益血。,,,,,,,,别录,日华,容川,灵胎,,,,,,223.鹿茸.md
牛角鳃,牛黄味苦，平，有小毒。治惊痫，寒热，热盛，狂，痉，除邪，逐鬼。生平泽。,牛黄生于病牛胆中，状如鸡子黄，多出陕西甘肃等地。,"牛黄为泻热定惊，利痰清心要药，主惊痫，寒热中恶，口噤，小儿惊邪，痘疮发狂，治痰迷，径急，斑痧，疮毒，益肝胆，定魂魄。

> 牛黄用在儿科比较多。治疗小孩痧疹、痘疹、热症，小孩儿受惊等。",味苦（或作甘），性平（或作凉），有小毒（或作无毒）。,普通五分至一钱。,恶龙骨龙胆，地黄常山蜚蠊，畏牛膝干漆，风热未深入者忌用。,疗小儿百病，诸痫热，口不开，大人狂癫，又堕胎，久服令人不忘。,,,安魂定魄，辟邪魅，卒中恶，小儿夜啼。,主中风失音，口噤，惊悸，天行时疾，健忘虚乏。,益肝胆，定惊神，除热止惊痢，辟恶气，除百病。,,,,,,,,别录,甄权,日华,思邈,,,,,,224.牛角鳃.md
羖羊角,味咸，温，无毒，治青盲，明目，杀疥虫，止寒泄，辟恶鬼，虎，狼，止惊悸。久服安心，益气，轻身。生川谷。,,,,,,,,,,,,,,,,,,,别录,,,,,,,,,225.羖羊角.md
牡狗阴茎,味咸，平，无毒。治伤中，阴痿不起，令强热大，生子，除女子带下十二疾。胆，平。主明目。一名狗精。,,,,,,,,,,,,,,,,,,,别录,,,,,,,,,226.牡狗阴茎.md
羚羊角,味咸，寒，无毒。主明目，益气，起阴，去恶血，注下，辟蛊毒，恶鬼，不祥，安心气，常不魇寐。外服强筋骨，轻身。生川谷。,"产非洲，我国蒙古等地。

> 现在羚羊角多在非洲。","羚羊角为清热，明目，强筋骨，起阴气药，治伤寒，热病寒热，中风附骨痛，产后恶血动心，食噎及惊痫，能抑低血压，防止脑溢血。

> 羚羊角主治：a清热明目 b强筋骨 c预防脑溢血

> 脑出血的用药。川穹、丹皮、红花，都可以促进血液循环。","味咸，性寒。

> 羚羊角咸味药能软坚。一般切片放在汤里煮，或者磨粉来用。",一般一钱至三钱。,有寒利者禁忌。,疗伤寒时气寒热，热在肌肤，湿风注毒伏在骨间，食噎不通，久服强筋骨，轻身，起阴益气，利丈夫。,,,"治中风筋挛，附骨疼痛，作末蜜服治卒热闷，及热毒，利血，疝气，磨水涂肿毒。

> 孟铣说能治疗中风、痉挛。",治惊悸烦闷，心胸恶气，瘰疬恶疮，溪毒。,"羚羊挂树干而眠，身悬而能眠，因其筋最直，故能治筋缩抽扯之症，角尤精气之所在，故性微寒，功专舒筋，本天水之阴，以清热也。

> 羚羊角专门治疗抽筋。唐容川说羚羊角是精气之所在，专门舒筋，是治疗抽筋很好的药。",,,,,,,,别录,孟铣,藏器,容川,,,,,,227.羚羊角.md
犀角,味苦，寒，无毒。治百毒，蛊疰，邪鬼，瘴气，杀钩吻，鸩羽，蛇毒，除邪，不迷惑，魇寐，外服轻身。生山谷。,产我国云南贵州四川等地，生山谷中，角入药。,"犀角为散邪清热凉血解毒要药，主伤寒时疫，发黄发斑，风毒中恶，狂言妄语，治胃中大热，痘疮黑陷，吐血下血，蓄血谵语，能消痈化脓，解毒定惊。

> 犀牛角去壮热。因为犀角特别寒，过去南派用它来去壮热，后来犀牛不让用了，即使能得一点也贵得不得了，南派就没了去热的药，北派会用石膏啊，一样可以去壮热。

> 黄连甘草都是解毒定惊的药‍‍。区别是黄连苦味入心，解心脏的毒，比如尿毒症实际上是心肺透析，把心脏的血拿出来解毒再回到心脏，所以尿毒症会用到黄连，不会用甘草，任何毒害心脏的可以用黄连，食物中毒可以用甘草。‍‍‍‍‍‍","味苦酸咸，性寒，无毒。

> 为啥犀牛角巨寒？‍因为犀牛这种动物不能见到火，一见到火它的欲望就驱使它奔去灭火，所以犀牛角特别寒。",普通三分至一钱。,恶乌头，忌盐，能消胎气，孕妇忌服，痘疮气虚无大热，伤寒阴症发躁，脉沉细，足冷，渴而饮不多，且复吐出者均忌。,伤寒瘟疫头痛寒热诸毒气，令人骏健。,,,辟中恶毒气，镇心神，解大热，散风毒，治发背痈疽疮肿，化脓作水，疗时疾热如火，烦毒入心，狂言妄语。,养心开窍，解毒除邪。,,,,,,,,,别录,药性,灵胎,,,,,,,228.犀角.md
燕屎,味辛，平，有毒。治蛊毒，鬼疰，逐不祥邪气，破五癃，利小便。生高山平谷。,,,,,,,,,,,,,,,,,,,别录,,,,,,,,,229.燕屎.md
天鼠屎,味辛，寒，无毒。治面痈肿，皮肤洒洒时痛，腹中血气，破寒热积聚，除惊悸。生山谷。一名鼠法，一名石肝。,,,,,,,,,,,,,,,,,,,别录,,,,,,,,,230.天鼠屎.md
猬皮,味苦，平，无毒。治五痔，阴蚀，下血赤白，五色血汁不止，阴肿痛引腰背。酒者杀之。生川谷、田野。,山地多有之。,"猬皮治五痔，泻血，阴肿痛及反胃，炙为末或烧灰服。

> 怎么炮制刺猬皮？要把皮烤干，然后研磨成粉状，用酒服下，不可生用。",味苦，性平。,一般一钱至三钱。,禁生用。,疗腹痛疝积，烧灰酒服。,,,治反胃吐食。,,,,,,,,,,别录,毅明,,,,,,,,231.猬皮.md
露蜂房,味苦，平，有毒。治惊痫，瘛瘲，寒热，邪气，癫疾，鬼精，蛊毒，肠痔。生山谷。一名蜂肠。,处处有之。,"露蜂房为解毒，杀虫药，治附骨瘫疽，瘰疬，恶疮，惊痫，癫疾，杀肠中寄生虫，兴肠道。

> 露蜂房治疗褥疮。比如病人中风久躺，不怎么翻身，就会生褥疮，可以用点露蜂房。当然，雄黄也可以，雄黄可以清掉腐肉，没有腐肉的话就别撒雄黄，因为雄黄有腐蚀性。","味甘咸，性平，有毒，火烧灰用。

> 露蜂房怎么炮制？一般是用火烤过之后用。跟动物接触过的东西，要烤过再用。

> 露蜂房有毒？并非说露蜂房本身有毒，而是它裸露在外面很脏。","一般一钱至三钱。

> 露蜂房质地很轻，风一吹就跑掉，开几分就好。",禁生用。,"合乱发、蛇皮烧灰，以酒日服二方寸匕，治恶疽附骨痈，根在脏腑间，歴节肿出，
疔肿恶脉，诸毒皆瘥。

> 治疗恶疮的方子。用【头发+蛇皮（蛇蜕）+露蜂房】烧成灰，治疗化脓的皮肤表面或者根很深的疮，效果很强。假如疮都深入到脏腑、骨髓了，那还要加点【炮附子和白术】，术附汤（炮附子+白术+甘草）可以排脓的，可以把很深的脓清出来，也可以解毒。‍‍‍‍‍",,,煎水治热病后毒气冲目，炙研和猪脂涂瘰疬成瘘。,煎水漱牙齿，止风虫疼痛，又洗乳癕，蜂疔，恶疮。,"疗上气，赤白痢，遗尿失禁，烧灰酒服主阴痿，水煮服汁下乳石毒。

> 这里说的下乳石毒，指的是奶水在乳房停留很久后清出来是硬硬的石头。",,,,,,,,别录,苏讼,大明,苏敬,,,,,,232.露蜂房.md
鳖甲,味咸，平，无毒。治心腹症瘕坚积，寒热，去痞，息肉，阴蚀，痔，恶肉。生池泽。,处处有之，生水中，岳州沅江所出甲有九肋者为胜。,"鳖甲为益阴除热散结要药，主心腹症瘕坚积寒热，治老疟疟母，骨节间劳热，消肿下瘀，能堕胎。

> 鳖甲治疟‍。这里的疟，指的不单单是疟疾，它是会动的，后面讲伤寒金匮再详细介绍。

> 鳖甲治疗肿块、硬块。比如乳癌、肝癌、胰腺癌、肾脏癌，都会用到，尤其乳癌、肝癌用的多。

> 乌龟和鳖。乌龟和鳖看起来很像，实际性不同，鳖很凶的，会咬人，但你没听过乌龟会咬人，所以鳖的攻坚力量非常强，乌龟的性是长寿，滋补力量比较强。",味咸，性平，无毒。,"普通二钱至四钱。

> 鳖甲质地比较重，可以多开一点两钱至四钱都可，重剂开到七八钱，但孕妇忌用，重用鳖甲要堕胎的。",妊娠及阴虚胃弱，阴虚泄泻，产后泄泻，产后饮食不消，不思食及呕恶等证均忌。,"疗温疟，血瘕腰痛，小儿胁下坚。

> 有硬块在胸胁都会使用鳖甲，因为鳖甲在土里钻的很深，胸胁这块是脾胃属土。",,,宿食症块痃癖，冷瘕劳瘦，除骨热结实壅，下气，妇人瘘下五色，下瘀血。,"鳖甲攻破肝气，去症瘕。

> 前面讲山茱萸补肝的，鳖甲是攻肝的，这俩能不能一起用，当然可以，就是攻药补药一起用，用在人身体有点弱，但又有肿块。",,,,,,,,,别录,甄权,容川,,,,,,,233.炙鳖甲.md
蟹,味咸，寒，有毒。治胸中邪气，热结痛，喎僻，面肿，败漆。烧之致鼠。生池泽诸水中。,"处处有之，产陂泽中，八足两螯，有甲壳。

> 这里的螃蟹不是海蟹，是淡水蟹。",蟹主散血，解结，疏肝气，理经脉，利肢节，续筋骨，治热结痛，胸中邪气，面肿，妇人经血不通。,"味咸，性寒，有小毒。

> 紫苏叶解虾蟹毒。螃蟹咸味药，很寒，有一点点毒，紫苏叶可以解蟹毒，鱼虾过敏也可以用紫苏叶，紫苏叶熬汤或者磨成粉都可以，治疗吃虾蟹导致的皮肤过敏等。",普通为服食之品，入药无定量。,能动风，有风疾人不可食，不可合柿及荆介食，发霍乱动风，孕妇忌之，中蟹毒，紫苏煎浓汁，冷服。,解结散血，愈漆创，养筋益气。,,,,,,,,,,,,,别录,,,,,,,,,234.河蟹.md
蚱蝉,味咸，寒，无毒。治小儿惊痫，夜啼，癫病，寒热。生杨柳上。,,,,,,,,,清火散风。即今日之蝉。,,,,,,,,,,别录,灵胎,,,,,,,,235.蝉蜕.md
蛴螬,味咸，微温，有毒。治恶血，血瘀，痹气，破折，血在胁下坚满痛，月闭，目中淫肤，青翳，白膜。生平泽及人家积粪草中。一名蟦蛴,,,,,,,,,,,,,,,,,,,别录,,,,,,,,,236.蛴螬.md
乌贼鱼骨,味咸，微温，无毒。治女子漏下赤白经汁，血闭，阴蚀肿痛，寒热，惊气，症瘕，无子，生东海、池泽。,产于海滨，形如革囊，骨及肉入药。,乌贼骨主通经络，祛寒湿，治寒热症瘕，阴蚀肿痛，赤白漏下，血枯经闭，能补肝伤疗血不足。,味咸，性微温，无毒。,普通一钱至三钱。,血病多热者勿用。,惊气入腹，腹痛环脐，丈夫阴中肿痛，令人有子，又止疮多脓汁不燥。,,,疗血崩，杀虫。,,,,,,,,,,别录,日华,,,,,,,,237.海螵蛸.md
白僵蚕,味咸，平，无毒。治小儿惊，夜啼，去三虫，灭黑，令人面色好，男子阴易病。生平泽。,处处有之，乃蚕之病风而机殭者，入药。,"白僵蚕为祛风化痰要药，主小儿惊痫，头风齿痛，喉痹咽肿，中风失音，治丹毒搔痒，瘰疬结核，去皮肤中如虫行。外用灭诸疮瘢痕。

> 白僵蚕是祛风的药。倘若风在表面成疥疮，那用荆芥，如果在皮肤下面，可以用白僵蚕。

> 白僵蚕治疗头痛。需要几味药组合，川穹活血化瘀使得血管扩张，再加上白附子和白僵蚕，头痛就会去掉，几乎无往不利。但这个药只能止痛，不能攻坚，脑瘤导致的头痛是不行的。

> 如何知道有脑瘤？脑瘤比较大的时候，会导致半身瘫痪，视力下降，脑瘤很小测不出来，那就喝上面的方子，喝下去头痛没止住，说明有肿块，所以中药不仅能治疗还能帮助诊断。",味咸辛，性平，无毒。,普通八分至三钱。,所治诸病，非由风寒外邪客入者，均忌。,"女子崩中赤白，产后腹痛，灭诸疮瘢痕，为末封疔肿，拔根极效。

> 疔就是硬块，根很深，用白僵蚕敷上去（外用）可以把它吸出来，拔疔。",,,驱风逐痰。,,,,,,,,,,别录,灵胎,,,,,,,,238.白僵蚕.md
鮀鱼甲,味辛，微温，有毒。治心腹症瘕，伏坚积聚，寒热，女子崩中下血五色，小腹阴中相引痛，疮疥死肌。生南海池泽。,,,,,,,,,,,,,,,,,,,别录,,,,,,,,,239.鮀鱼甲.md
樗鸡,味苦，平，有小毒。治心腹邪气，阴痿，益精，强志，生子，好色，补中，轻身。生川谷樗树上。,,,,,,,,,,,,,,,,,,,别录,,,,,,,,,240.樗鸡.md
蛞蝓,"味咸，寒，无毒。治贼风喎僻,轶筋及脱肛，惊痫，挛缩。生池泽及阴地、沙石、垣下。一名陵蠡。",,,,,,,,,,,,,,,,,,,别录,,,,,,,,,241.蛞蝓.md
石龙子,味咸，寒，有小毒。治五癃，邪结气，破石淋，下血，利小便水道。生川谷及山石间。一名蜥蜴。,今之蜥蜴。处处有之,有利尿通淋下血之效，妊妇不得服用。,味咸性寒，有小毒。,一般一条至两条，烧灰研粉酒服。,有寒利者禁忌。,主治五癃结气，利小便水道，破石淋，下血。,,,,,,,,,,,,,别录,,,,,,,,,242.石龙子.md
木虻,味苦，平，有毒。治目赤痛。眦伤，泪出，瘀血，血闭，寒热，酸痟，无子。生川泽。一名魂常。,,,,,,,,,,,,,,,,,,,别录,,,,,,,,,243.木虻.md
蜚虻,味苦，微寒，有毒。主逐瘀血，破下血积，坚痞症瘕，寒热，通利血脉及九窍。生川谷。又名虻虫，寄生于牛身者为真品。名牛虻。,产于牛舍之中为上品。,活血化瘀，专攻妇女子脏之瘀，与少腹中之瘀血。,味苦微寒，有毒。,一般一钱至三钱,下利者忌用。,,,,瘀血，少腹鞭满，兼治发狂瘀热喜忘，及妇人经水不利。,蝱虫为飞而食血；故主行上下之血。可以攻血。,,,,,,,,,别录,药征,容川,,,,,,,244.牛虻.md
蜚蠊,味咸，寒，有毒。治血瘀症坚，寒热，破积聚，喉咽痹，内寒无子。生川泽及人家屋间。,,,,,,,,,,,,,,,,,,,别录,,,,,,,,,245.蜚蠊.md
蟅虫,味咸，寒，有毒。治心腹寒热洒洒，血积，症瘕，破坚，下血闭，生子大良。生川泽及沙中、人家墙壁下土中湿处。一名地鳖。,处处有之，多生墙壁下土中湿处，形扁小，六足，似鳖而无甲。,"蟅虫为破症瘕下血积要药，主心腹寒热，留血积聚，治乳脉不通，妇人经闭，产后血积，折伤瘀血。

> 有时候淤血积聚排不出会让人奔走发狂的，就要用的地鳖虫这类药，还有前面介绍的牛虻、水蛭、蛴螬等。","味咸，性寒，有毒。

> 味咸有毒，咸味药可以软坚。",普通一钱至三钱。,用皂荚菖蒲，无瘀血停留者忌，孕妇慎用。,,,,"主治干血，故兼治少腹满痛，及妇人经水不利。

> 药征说的干血，就是干血痨，一干活就累，痨症，小腿也会呈现肌肤甲错。",,,,,,,,,,别录,药征,,,,,,,,246.蟅虫.md
伏翼,味咸，平，无毒。治目瞑，明目，夜视有精光。久服令人喜乐、媚好、无忧。生川谷及人家屋间。一名蝙蝠，今名夜明砂。,山洞之中，倒悬于洞顶之上。其屎供药用。,"为散血明目要药，治障翳，青盲，夜盲，头面痈肿，疳积，瘰疬。

> 啥叫瘰luo疬li？指的是脖子上淋巴肿大或甲状腺肿大，也可用夜明砂。但它主要的功能还是治疗眼疾。","味辛性寒。

> 这是性寒的药，肠胃比较寒的人不宜用。",一般一钱至二钱。,"胃肠寒之人禁忌。

右虫鱼中品十七种，旧十六种，增伏翼于此。",,,,养血明日。,烧灰酒服可下死胎。,炒服治瘰疬。,治疳有效。,治目盲障翳。,,,,,,别录,灵胎,苏敬,日华,宗奭,时珍,,,,247.伏翼.md
梅实,味酸，平，无毒。主下气，除热，烦满，安心，止肢体痛，偏枯不仁，死肌，去青黑痣，恶疾。能益气，不饥。生川谷。,"即梅花之实，有乌梅与白梅二种，处处有之。乌梅系采半黄之梅实，用烟熏黑，再以稻草灰淋汁润湿蒸过，白梅又叫盐梅，用大青梅实用盐腌渍，日晒夜渍，十日即成。

> 乌梅和白梅。乌梅是采摘半黄的梅实，用烟熏至黑色，再用稻草灰来淋，再蒸，非常的酸；白梅是青梅用盐腌制后使用，乌梅更常用。","乌梅为收敛，解热，消肿，驱虫之药，治久利，痢疾，反胃，去面痣，蚀恶肉，蚘厥吐利，反胃膈噎。驱蛔虫。白梅与乌梅之效用相同。

> 乌梅涩剂‍‍。乌梅是酸涩的，涩剂可以治疗下痢，还能杀虫，所以临床会用来治疗吐蛔，就是嘴巴里吐蛔虫。乌梅最常用的就是下痢和杀虫。","乌梅味酸，性平而涩：白梅味酸咸，性平。

> 梅实酸性，抽筋不宜。梅实非常的酸，酸味主收敛主下气。因为酸性收敛所以抽筋的病人不宜用。",一般一钱至三钱。,多食梅肉损齿伤筋。凡风寒初起，疟痢未久者均忌，忌猪肉。,去痹，利筋脉，止下痢，好唾口干。,,,止渴，调中，去痰，治瘴疟。止吐逆霍乱，除冷热利。,"治虚劳骨蒸，消酒毒，令人得睡，和建茶干姜为丸服，止休息痢大验。

> 乌梅可解酒毒。大明说能【消酒毒】，是因酸味药可解酒。有人喝醉不醒，灌点醋也能醒来。","白梅和药点痣，蚀恶肉。水渍汁饮治伤寒烦热。

> 乌梅蚀恶肉。之前讲过雄黄、铅粉也能蚀恶肉，但会有点腐蚀性，陶弘景说乌梅也有这个功效。","敛肺，涩肠，止久嗽泻利，反胃咦膈，蛔厥吐逆，消肿涌痰，杀虫，解鱼毒，硫磺毒。

> 乌梅解毒‍‍。李时珍说乌梅可以解鱼毒，解硫磺毒。","乌梅极酸，能敛肝木之阳，能化蛔虫，能去坏肉，此是以木来克土，酸能收之义。

> 唐容川说乌梅能化蛔虫，去坏肉，对肝脏比较好。

> 乌梅治疗失眠。有一种失眠是魂不归肝，这时候可以用乌梅、酸枣仁。","治乳痈肿毒，杵烂贴之佳。

> 乌梅治疗乳癌。酸味的东西可以腐蚀，把坏肉去掉，所以可以用乌梅捣烂贴在乳房流脓处，清除坏肉。",,,,,别录,藏器,大明,弘景,时珍,容川,汪颖,,,248.乌梅.md
大豆黄卷,味甘，平，无毒。治湿痹，筋挛，膝痛。生大豆。平。涂痈肿，煮汁饮，杀鬼毒。止痛。赤小豆，平。主下水，排痈肿脓血。生平泽。,黑大豆所制成，处处有之。,大豆黄卷为清热开胃，推陈去积要药，主行水去湿，胃气结积，治湿痹筋挛膝痛。,味甘，性平，无毒。,普通钱半至三钱。,恶海藻龙胆。,五脏不足，味气结积，益气止痛，去黑皯，润肌肤皮毛。,,,,,,,,,,,,,别录,,,,,,,,,249.豆卷.md
粟米,味咸，微寒，无毒。主养肾气：去胃中脾中热，益气。陈粟，味苦，寒，无毒。主胃熟，消渴，利小便。,,,,,,,,,,,,,,,,,,,别录,,,,,,,,,250.粟米.md
黍米,味甘，温，无毒。主益气补中。多热，令人烦。丹黍米，味苦，微温，无毒。,,,,,,,,,,,,,,,,,,,别录,,,,,,,,,251.黍米.md
蓼实,味辛，温，无毒。主明目，温中，耐风寒，下水气，面目浮肿，痈疡。马蓼，去肠中蛏虫，轻身。生川泽。,,,,,,,,,,,,,,,,,,,别录,,,,,,,,,252.蓼实.md
葱实,味辛，温，无毒。主明目，补中不足。其茎，平，作汤，治伤寒寒热，出汗，中凤，面目肿。薤，味辛，温，无毒。治金疮疮败，轻身，不饥，耐老。生平泽。,,,,,,,,,,,,,,,,,,,别录,,,,,,,,,253.薤白.md
水苏,味辛，微温，无毒。主下气，杀谷，除饮食，辟口臭，去毒。辟恶气。久服通神明，轻身，耐老。生池泽。一名芥蒩。,,,,,,,,,,,,,,,,,,,别录,,,,,,,,,254.水苏.md
